STATEFIP,DU_WeightedFrequency,StdErrWgtFreq,MOE_freq,DUpercent_prevalenceinSTATE,StdErrofRowPercent,MOE_percent,CV_Percent,Poordu_WeightedFrequency,Poordu_StdErrWgtFreq,Poordu_MOE_freq,Poordu_percent,Poordu_StdErrofRowPercent,Poordu_MOE_percent,Poordu_CV_Percent,White_DU_WeightedFrequency,White_StdErrWgtFreq,White_MOE_freq,White_percent,White_StdErrofRowPercent,White_MOE_percent,White_CV_Percent,AIAN_DU_WeightedFrequency,AIAN_StdErrWgtFreq,AIAN_MOE_freq,AIAN_percent,AIAN_StdErrofRowPercent,AIAN_MOE_percent,AIAN_CV_Percent,Black_DU_WeightedFrequency,Black_StdErrWgtFreq,Black_MOE_freq,Black_percent,Black_StdErrofRowPercent,Black_MOE_percent,Black_CV_Percent,Hispanic_DU_WeightedFrequency,Hispanic_StdErrWgtFreq,Hispanic_MOE_freq,Hispanic_percent,Hispanic_StdErrofRowPercent,Hispanic_MOE_percent,Hispanic_CV_Percent,Asian_DU_WeightedFrequency,Asian_StdErrWgtFreq,Asian_MOE_freq,Asian_percent,Asian_StdErrofRowPercent,Asian_MOE_percent,Asian_CV_Percent,Multi_DU_WeightedFrequency,Multi_StdErrWgtFreq,Multi_MOE_freq,Multi_percent,Multi_StdErrofRowPercent,Multi_MOE_percent,Multi_CV_Percent,Other_DU_WeightedFrequency,Other_StdErrWgtFreq,Other_MOE_freq,Other_percent,Other_StdErrofRowPercent,Other_MOE_percent,Other_CV_Percent,STATEFIP,NHOPI_DU_WeightedFrequency,NHOPI_StdErrWgtFreq,NHOPI_MOE_freq,NHOPI_percent,NHOPI_StdErrofRowPercent,NHOPI_MOE_percent,NHOPI_CV_Percent
1,60011,2790,4589.55,1.2202,0.0547,0.0899815,0.0448,60011,2790,4589.55,7.9217,0.3274,0.538573,0.0413,25813,1747,2873.815,0.8009,0.0536,0.088172,0.0669,112,43.65776,71.8170152,0.4744,0.1866,0.306957,0.3933,28388,1950,3207.75,2.2424,0.1478,0.243131,0.0659,4228,797.33546,1311.616832,1.5843,0.2937,0.4831365,0.1854,357,126.79507,208.5778902,0.4958,0.1773,0.2916585,0.3575,2876,513.03,843.93435,1.296,0.2276,0.374402,0.1756,2465,497.11577,817.7554417,2.2625,0.4524,0.744198,0.1999,1,.,.,.,.,.,.,.
2,5979,2662,4378.99,0.8494,0.3196,0.525742,0.3762,5979,2662,4378.99,7.9327,2.4025,3.9521125,0.3029,1076,483.08902,794.6814379,0.2513,0.1049,0.1725605,0.4173,3908,2474,4069.73,4.0171,1.1935,1.9633075,0.2971,205,127.66754,210.0131033,0.983,0.6481,1.0661245,0.6593,160,89.42036,147.0964922,0.3239,0.1505,0.2475725,0.4647,74,52.34501,86.10754145,0.1621,0.0742,0.122059,0.458,303,122.93494,202.2279763,0.348,0.1145,0.1883525,0.3291,135,103.76416,170.6920432,0.9154,0.667,1.097215,0.7286,2,278,278,457.31,2.7792,2.2487,3.6991115,0.8091
4,86703,3296,5421.92,1.2201,0.0445,0.0732025,0.0365,86703,3295,5420.275,8.4852,0.2874,0.472773,0.0339,30942,2031,3340.995,0.6874,0.0432,0.071064,0.0628,16059,1065,1751.925,5.6575,0.3332,0.548114,0.0589,4122,610.34221,1004.012935,1.2811,0.184,0.30268,0.1436,47178,2654,4365.83,2.1313,0.1153,0.1896685,0.0541,1361,267.74409,440.4390281,0.5555,0.1089,0.1791405,0.196,21652,1809,2975.805,1.8491,0.1471,0.2419795,0.0796,12521,1240,2039.8,2.1937,0.2076,0.341502,0.0946,4,46,33.01515,54.30992175,0.3847,0.2781,0.4574745,0.7229
5,30651,2121,3489.045,1.0393,0.0609,0.1001805,0.0586,30651,2121,3489.045,6.7127,0.3701,0.6088145,0.0551,17455,1490,2451.05,0.8339,0.0632,0.103964,0.0757,562,452.01549,743.5654811,3.3444,2.4922,4.099669,0.7452,7995,906.40838,1491.041785,1.8618,0.1946,0.320117,0.1045,2965,674.72714,1109.926145,1.1336,0.2475,0.4071375,0.2183,460,166.24938,273.4802301,0.9986,0.3486,0.573447,0.3491,1988,380.78747,626.3953882,0.7654,0.1455,0.2393475,0.1902,1454,392.29569,645.3264101,1.6057,0.4303,0.7078435,0.268,5,737,407.56922,670.4513669,6.6878,3.7681,6.1985245,0.5634
6,689375,9371,15415.295,1.7964,0.0238,0.039151,0.0132,689375,9343,15369.235,10.9081,0.1276,0.209902,0.0117,178115,4771,7848.295,1.0554,0.0276,0.045402,0.0262,12415,1056,1737.12,2.8756,0.2378,0.391181,0.0827,48875,2505,4120.725,2.376,0.1188,0.195426,0.05,462861,7813,12852.385,3.0108,0.0489,0.0804405,0.0162,73235,2611,4295.095,1.2547,0.0441,0.0725445,0.0351,132012,4369,7187.005,2.0881,0.0671,0.1103795,0.0321,240376,5244,8626.38,3.5853,0.075,0.123375,0.0209,6,3669,761.85045,1253.24399,3.2539,0.6436,1.058722,0.1978
8,32966,1780,2928.1,0.5796,0.0309,0.0508305,0.0533,32966,1780,2928.1,5.0431,0.253,0.416185,0.0502,15651,1088,1789.76,0.3742,0.0256,0.042112,0.0685,1291,360.83314,593.5705153,2.3038,0.6267,1.0309215,0.272,3626,684.158,1125.43991,1.6355,0.2998,0.493171,0.1833,16497,1376,2263.52,1.3023,0.1063,0.1748635,0.0816,1148,226.42769,372.4735501,0.6289,0.124,0.20398,0.1971,5720,733.86121,1207.20169,0.789,0.0977,0.1607165,0.1238,5477,803.75556,1322.177896,1.756,0.2465,0.4054925,0.1404,8,53,45.70558,75.1856791,0.7071,0.6097,1.0029565,0.8621
9,24338,1892,3112.34,0.6949,0.0506,0.083237,0.0729,24338,1892,3112.34,5.7778,0.3762,0.618849,0.0651,8559,904.90082,1488.561849,0.3624,0.0373,0.0613585,0.1028,289,111.75036,183.8293422,3.1526,1.1322,1.862469,0.3591,6219,1016,1671.32,1.6798,0.2598,0.427371,0.1547,9678,1063,1748.635,1.541,0.1596,0.262542,0.1036,1333,348.17237,572.7435487,0.8052,0.2102,0.345779,0.2611,4904,902.39867,1484.445812,1.4387,0.2548,0.419146,0.1771,3034,481.47063,792.0191864,1.1986,0.1802,0.296429,0.1504,9,.,.,.,.,.,.,.
10,8213,1460,2401.7,0.8357,0.0981,0.1613745,0.1174,8213,1460,2401.7,7.0959,0.6514,1.071553,0.0918,2019,391.28378,643.6618181,0.3322,0.0616,0.101332,0.1853,357,348.06465,572.5663493,9.1351,6.7561,11.1137845,0.7396,2997,900.59036,1481.471142,1.4149,0.3508,0.577066,0.2479,2339,652.21239,1072.889382,2.2007,0.4336,0.713272,0.197,41,31.38471,51.62784795,0.1011,0.0695,0.1143275,0.6875,1468,545.74536,897.7511172,1.9163,0.7354,1.209733,0.3838,1331,462.47486,760.7711447,3.1649,1.0485,1.7247825,0.3313,10,.,.,.,.,.,.,.
11,9194,2316,3809.82,1.4348,0.1999,0.3288355,0.1393,9194,2316,3809.82,8.1081,0.7578,1.246581,0.0935,306,131.53707,216.3784802,0.1228,0.0442,0.072709,0.3599,.,.,.,.,.,.,.,7069,1926,3168.27,2.5573,0.1983,0.3262035,0.0775,1310,527.25516,867.3347382,1.7435,0.6553,1.0779685,0.3759,186,139.19052,228.9684054,0.7308,0.4738,0.779401,0.6483,508,215.38802,354.3132929,0.925,0.2682,0.441189,0.2899,1125,424.76229,698.7339671,3.4716,1.2773,2.1011585,0.3679,11,.,.,.,.,.,.,.
12,279979,6770,11136.65,1.305,0.0306,0.050337,0.0235,279979,6737,11082.365,8.2399,0.1759,0.2893555,0.0213,101841,3796,6244.42,0.7903,0.0288,0.047376,0.0365,1802,447.30687,735.8198012,2.7665,0.6636,1.091622,0.2399,89421,4043,6650.735,2.7637,0.1201,0.1975645,0.0435,109999,4166,6853.07,1.9004,0.0697,0.1146565,0.0367,5753,700.47604,1152.283086,0.9323,0.1119,0.1840755,0.12,54075,3117,5127.465,1.5717,0.0877,0.1442665,0.0558,26985,1710,2812.95,2.254,0.1399,0.2301355,0.0621,12,102,45.6837,75.1496865,0.8327,0.3796,0.624442,0.4559
13,135077,4776,7856.52,1.2777,0.0431,0.0708995,0.0337,135077,4776,7856.52,8.5578,0.2603,0.4281935,0.0304,39785,2092,3441.34,0.7148,0.0367,0.0603715,0.0514,1477,315.24486,518.5777947,3.5161,0.7423,1.2210835,0.2111,69413,3836,6310.22,2.1095,0.1099,0.1807855,0.0521,21261,1750,2878.75,1.8678,0.1478,0.243131,0.0791,3575,517.98361,852.0830385,0.7765,0.1119,0.1840755,0.1441,10325,1259,2071.055,1.3485,0.1573,0.2587585,0.1167,10458,1149,1890.105,2.3792,0.255,0.419475,0.1072,13,44,0,0,0.5864,0.0448,0.073696,0.0764
15,19301,2230,3668.35,1.3727,0.1322,0.217469,0.0963,19301,2230,3668.35,10.7358,0.9081,1.4938245,0.0846,1718,361.14355,594.0811398,0.5557,0.1172,0.192794,0.2109,19,19,31.255,0.6456,0.6559,1.0789555,1.016,209,111.53026,183.4672777,0.8461,0.4183,0.6881035,0.4945,2128,413.95813,680.9611239,1.557,0.2604,0.428358,0.1673,3957,888.13907,1460.98877,0.7559,0.1513,0.2488885,0.2002,6818,993.90643,1634.976077,1.7706,0.1898,0.312221,0.1072,447,218.49256,359.4202612,1.9885,0.9889,1.6267405,0.4973,15,6067,1502,2470.79,4.4451,0.9395,1.5454775,0.2113
16,9431,1278,2102.31,0.5115,0.0669,0.1100505,0.1309,9431,1278,2102.31,4.8292,0.6571,1.0809295,0.1361,6539,1140,1875.3,0.4249,0.0724,0.119098,0.1703,379,94.98421,156.2490255,1.7489,0.4398,0.723471,0.2515,589,227.04405,373.4874623,4.2718,1.6404,2.698458,0.384,1757,404.69618,665.7252161,0.7137,0.1616,0.265832,0.2265,66,39.97499,65.75885855,0.2656,0.1568,0.257936,0.5903,733,280.96708,462.1908466,0.4735,0.1698,0.279321,0.3586,1117,366.81467,603.4101322,1.2813,0.4317,0.7101465,0.3369,16,8,6.32456,10.4039012,0.3244,0.2602,0.428029,0.802
17,103225,3624,5961.48,0.8315,0.0286,0.047047,0.0344,103225,3617,5949.965,6.5942,0.2078,0.341831,0.0315,30643,1650,2714.25,0.3904,0.0208,0.034216,0.0534,975,287.31648,472.6356096,1.5315,0.4448,0.731696,0.2904,37895,2248,3697.96,2.2645,0.1306,0.214837,0.0577,32385,2192,3605.84,1.3961,0.0919,0.1511755,0.0658,5344,830.36223,1365.945868,0.7431,0.1145,0.1883525,0.154,13055,1355,2228.975,1.1044,0.1118,0.183911,0.1012,15183,1523,2505.335,1.6501,0.1616,0.265832,0.098,17,130,18.86796,31.0377942,2.6569,0.4175,0.6867875,0.1572
18,48109,2509,4127.305,0.7253,0.0367,0.0603715,0.0506,48109,2509,4127.305,5.8821,0.2791,0.4591195,0.0475,31439,1917,3153.465,0.6041,0.0361,0.0593845,0.0598,105,73.61556,121.0975962,0.6272,0.4398,0.723471,0.7012,9551,1328,2184.56,1.5754,0.2143,0.3525235,0.1361,6248,885.71918,1457.008051,1.115,0.1529,0.2515205,0.1371,809,210.97367,347.0516872,0.4892,0.1274,0.209573,0.2604,3659,493.48387,811.7809662,0.8629,0.114,0.18753,0.1321,2475,524.03918,862.0444511,1.1571,0.239,0.393155,0.2066,18,71,71,116.795,3.6485,3.4579,5.6882455,0.9478
19,15371,1715,2821.175,0.4962,0.0525,0.0863625,0.1059,15371,1714,2819.53,4.7525,0.4679,0.7696955,0.0985,9096,995.72787,1637.972346,0.3427,0.036,0.05922,0.1049,246,119.35137,196.3330037,2.6151,1.2167,2.0014715,0.4653,2183,898.04552,1477.28488,1.8833,0.7518,1.236711,0.3992,1972,545.20317,896.8592147,0.9013,0.2422,0.398419,0.2687,830,338.34819,556.5827726,1.1126,0.4442,0.730709,0.3992,1779,517.42222,851.1595519,0.9969,0.2758,0.453691,0.2766,963,379.01583,623.4810404,1.5741,0.602,0.99029,0.3825,19,274,186.70029,307.1219771,7.3676,4.7991,7.8945195,0.6514
20,18037,1502,2470.79,0.6327,0.0513,0.0843885,0.081,18037,1502,2470.79,5.6116,0.4172,0.686294,0.0743,10436,1216,2000.32,0.4702,0.054,0.08883,0.1149,604,288.99539,475.3974166,2.8839,1.3485,2.2182825,0.4676,1748,408.01266,671.1808257,1.2174,0.285,0.468825,0.2341,4634,679.9875,1118.579438,1.214,0.1759,0.2893555,0.1449,799,322.23128,530.0704556,0.9531,0.3774,0.620823,0.396,2786,520.37262,856.0129599,1.0461,0.1859,0.3058055,0.1777,1579,318.7214,524.296703,1.3801,0.2624,0.431648,0.1901,20,85,76,125.02,3.6989,3.1266,5.143257,0.8453
21,50107,2542,4181.59,1.1418,0.0546,0.089817,0.0478,50107,2542,4181.59,7.2341,0.3209,0.5278805,0.0444,39429,2294,3773.63,1.0714,0.0592,0.097384,0.0552,83,54.35991,89.42205195,1.2914,0.8577,1.4109165,0.6642,5068,757.69969,1246.41599,1.5061,0.2144,0.352688,0.1424,3154,551.20061,906.7250035,1.527,0.2655,0.4367475,0.1739,505,164.73561,270.9900785,0.7569,0.2434,0.400393,0.3216,3787,541.9158,891.451491,1.6494,0.2277,0.3745665,0.1381,1154,271.70082,446.9478489,1.7665,0.4118,0.677411,0.2331,21,81,33,54.285,2.5682,1.0901,1.7932145,0.4245
22,73087,3666,6030.57,1.6252,0.0742,0.122059,0.0457,73087,3655,6012.475,8.5701,0.3573,0.5877585,0.0417,22112,1637,2692.865,0.8425,0.0598,0.098371,0.0709,522,142.58814,234.5574903,1.9645,0.5421,0.8917545,0.276,42836,2834,4661.93,3.1021,0.1855,0.3051475,0.0598,4330,934.31221,1536.943585,1.3892,0.2891,0.4755695,0.2081,736,182.00238,299.3939151,0.9571,0.2352,0.386904,0.2458,4063,590.26434,970.9848393,1.4116,0.2,0.329,0.1417,2806,812.77704,1337.018231,2.8542,0.7822,1.286719,0.274,22,12,0,0,0.5571,0.0891,0.1465695,0.1599
23,6631,994.10278,1635.299073,0.4955,0.064,0.10528,0.1292,6631,994.10278,1635.299073,4.6697,0.5676,0.933702,0.1216,5858,999.49721,1644.17291,0.478,0.0718,0.118111,0.1503,118,53.67805,88.30039225,1.9466,0.7861,1.2931345,0.4038,268,165.65023,272.4946284,1.2592,0.7178,1.180781,0.57,10,7.2111,11.8622595,0.0372,0.0269,0.0442505,0.7233,56,45.9565,75.5984425,0.4163,0.3457,0.5686765,0.8304,308,137.04257,225.4350277,0.487,0.2194,0.360913,0.4505,23,16.76305,27.57521725,0.2745,0.2069,0.3403505,0.7539,23,.,.,.,.,.,.,.
24,55657,2915,4795.175,0.9207,0.0461,0.0758345,0.0501,55657,2915,4795.175,7.9415,0.3607,0.5933515,0.0454,12655,1152,1895.04,0.4212,0.0382,0.062839,0.0907,193,118.67182,195.2151439,0.8775,0.5365,0.8825425,0.6114,24277,1819,2992.255,1.3703,0.0987,0.1623615,0.0721,15388,1596,2625.42,2.087,0.2027,0.3334415,0.0971,2754,511.7068,841.757686,0.703,0.1301,0.2140145,0.1851,5921,1037,1705.865,1.3149,0.2232,0.367164,0.1697,9837,1200,1974,2.4428,0.2824,0.464548,0.1156,24,20,0,0,1.1541,0.085,0.139825,0.0736
25,45023,2551,4196.395,0.6661,0.0364,0.059878,0.0546,45023,2543,4183.235,5.2574,0.2654,0.436583,0.0505,16054,1268,2085.86,0.3347,0.0261,0.0429345,0.0779,261,101.40513,166.8114389,1.6328,0.6239,1.0263155,0.3821,7043,1020,1677.9,1.5047,0.2095,0.3446275,0.1392,18103,1751,2880.395,2.0564,0.1866,0.306957,0.0907,4391,553.62476,910.7127302,0.9325,0.117,0.192465,0.1254,9201,1194,1964.13,1.4524,0.1767,0.2906715,0.1216,8027,1010,1661.45,2.1584,0.2597,0.4272065,0.1203,25,46,22.2036,36.524922,2.2115,1.0872,1.788444,0.4916
26,81125,3473,5713.085,0.8247,0.0345,0.0567525,0.0418,81125,3471,5709.795,6.2229,0.2412,0.396774,0.0388,36110,1887,3104.115,0.4894,0.0252,0.041454,0.0515,951,337.90574,555.8549423,2.1048,0.7341,1.2075945,0.3488,30367,2310,3799.95,2.3446,0.169,0.278005,0.0721,8165,1014,1668.03,1.4451,0.1771,0.2913295,0.1226,1558,283.75033,466.7692929,0.4861,0.089,0.146405,0.183,8871,1135,1867.075,1.4267,0.181,0.297745,0.1269,3211,640.98613,1054.422184,1.8528,0.3629,0.5969705,0.1959,26,57,32.24903,53.04965435,2.695,1.5204,2.501058,0.5641
27,25050,2240,3684.8,0.4493,0.0395,0.0649775,0.0878,25050,2240,3684.8,4.7552,0.3978,0.654381,0.0837,8629,1087,1788.115,0.1976,0.0248,0.040796,0.1253,1452,354.60725,583.3289263,3.0181,0.6848,1.126496,0.2269,7142,1316,2164.82,1.9563,0.3513,0.5778885,0.1796,3273,696.31802,1145.443143,0.9415,0.1978,0.325381,0.2101,3291,721.35429,1186.627807,1.1534,0.2461,0.4048345,0.2134,2702,666.09324,1095.72338,0.7596,0.1867,0.3071215,0.2458,1819,546.61327,899.1788292,1.1911,0.3509,0.5772305,0.2946,27,15,15,24.675,0.6361,0.6342,1.043259,0.9969
28,50677,2763,4545.135,1.7736,0.0868,0.142786,0.049,50677,2763,4545.135,9.3203,0.4027,0.6624415,0.0432,14836,1237,2034.865,0.9169,0.0749,0.1232105,0.0816,370,127.29624,209.4023148,3.089,1.0584,1.741068,0.3426,32508,2197,3614.065,3.1103,0.1884,0.309918,0.0606,2032,457.4316,752.474982,1.9923,0.4388,0.721826,0.2203,111,59.85817,98.46668965,0.3983,0.2104,0.346108,0.5281,1489,322.04917,529.7708847,1.3984,0.2961,0.4870845,0.2117,1363,356.66604,586.7156358,2.9218,0.7333,1.2062785,0.251,28,.,.,.,.,.,.,.
29,41894,2294,3773.63,0.6979,0.0371,0.0610295,0.0532,41894,2294,3773.63,5.7242,0.2858,0.470141,0.0499,27538,1805,2969.225,0.5844,0.0372,0.061194,0.0637,179,93.56192,153.9093584,1.0359,0.5385,0.8858325,0.5199,8888,1165,1916.425,1.3465,0.1674,0.275373,0.1243,3659,642.24515,1056.493272,1.2023,0.2113,0.3475885,0.1758,779,229.06671,376.814738,0.6247,0.1834,0.301693,0.2936,3299,495.3442,814.841209,0.8777,0.1281,0.2107245,0.146,1203,436.04485,717.2937783,1.1608,0.4213,0.6930385,0.363,29,8,6.32456,10.4039012,0.089,0.0709,0.1166305,0.7966
30,8049,1045,1719.025,0.7482,0.0939,0.1544655,0.1255,8049,1045,1719.025,6.3162,0.7272,1.196244,0.1151,4139,882.7712,1452.158624,0.4484,0.0968,0.159236,0.2158,3150,832.37492,1369.256743,5.2504,1.2529,2.0610205,0.2386,.,.,.,.,.,.,.,447,193.86593,318.9094549,0.9542,0.4303,0.7078435,0.451,.,.,#VALUE!,.,.,#VALUE!,.,451,160.7638,264.456451,0.6912,0.2332,0.383614,0.3374,309,149.3151,245.6233395,2.3872,1.1291,1.8573695,0.473,30,.,.,.,.,.,.,.
31,10066,1550,2549.75,0.5249,0.0727,0.1195915,0.1384,10066,1550,2549.75,5.2136,0.6536,1.075172,0.1254,5094,819.52425,1348.117391,0.3328,0.0492,0.080934,0.1479,249,106.5054,175.201383,1.3186,0.4854,0.798483,0.3681,1439,523.64053,861.3886719,1.648,0.5372,0.883694,0.326,3254,1093,1797.985,1.3688,0.4345,0.7147525,0.3175,828,423.43406,696.5490287,1.7682,0.8459,1.3915055,0.4784,1551,774.27398,1273.680697,1.018,0.4905,0.8068725,0.4818,905,365.09697,600.5845157,1.1179,0.427,0.702415,0.382,31,.,.,.,.,.,.,.
32,39201,2615,4301.675,1.2625,0.0725,0.1192625,0.0574,39201,2615,4301.675,8.3801,0.4196,0.690242,0.0501,12718,1302,2141.79,0.7712,0.0736,0.121072,0.0955,1047,236.9156,389.726162,2.5699,0.5463,0.8986635,0.2126,6762,1020,1677.9,2.349,0.3257,0.5357765,0.1387,16046,1503,2472.435,1.7638,0.1438,0.236551,0.0815,3833,651.40847,1071.566933,1.4135,0.2289,0.3765405,0.1619,7061,876.41219,1441.698053,1.5086,0.1701,0.2798145,0.1127,7391,991.4987,1631.015362,2.0139,0.2531,0.4163495,0.1257,32,389,150.84981,248.1479375,1.899,0.7535,1.2395075,0.3968
33,6143,627.9992,1033.058684,0.4561,0.0429,0.0705705,0.0941,6143,627.9992,1033.058684,5.5339,0.5709,0.9391305,0.1032,5240,563.5956,927.114762,0.4372,0.045,0.074025,0.1028,.,.,.,.,.,.,.,22,21.0238,34.584151,0.1162,0.1123,0.1847335,0.9667,775,328.61376,540.5696352,1.2878,0.5455,0.8973475,0.4236,178,82.06095,134.9902628,0.5127,0.2285,0.3758825,0.4456,383,129.61867,213.2227122,0.5107,0.1641,0.2699445,0.3213,313,228.217,375.416965,1.8161,1.2165,2.0011425,0.6698,33,7,7,11.515,1.1438,1.1675,1.9205375,1.0207
34,79889,3138,5162.01,0.8785,0.0331,0.0544495,0.0377,79889,3133,5153.785,6.9533,0.2359,0.3880555,0.0339,21572,1655,2722.475,0.4163,0.0312,0.051324,0.0751,975,278.54256,458.2025112,2.5019,0.7001,1.1516645,0.2798,20603,1561,2567.845,1.7855,0.1285,0.2113825,0.072,36129,2089,3436.405,1.7987,0.0985,0.1620325,0.0548,4444,525.48257,864.4188277,0.4906,0.0574,0.094423,0.1169,12149,1181,1942.745,1.2539,0.1167,0.1919715,0.093,20141,1599,2630.355,2.3959,0.1803,0.2965935,0.0752,34,5,5,8.225,0.2229,0.2252,0.370454,1.0104
35,36346,2990,4918.55,1.7543,0.1229,0.2021705,0.07,36346,2990,4918.55,9.8198,0.5871,0.9657795,0.0598,9378,1185,1949.325,0.853,0.0909,0.1495305,0.1066,10780,1186,1950.97,5.4878,0.4975,0.8183875,0.0907,1079,313.16769,515.1608501,2.5697,0.6952,1.143604,0.2705,19870,2171,3571.295,1.987,0.1957,0.3219265,0.0985,532,278.89425,458.7810413,1.5563,0.8103,1.3329435,0.5207,8718,1580,2599.1,1.9857,0.3416,0.561932,0.172,5828,1032,1697.64,2.2523,0.3759,0.6183555,0.1669,35,31,31,50.995,1.5362,1.5068,2.478686,0.9809
36,270297,6280,10330.6,1.4024,0.0313,0.0514885,0.0223,270297,6253,10286.185,8.3947,0.1691,0.2781695,0.0201,64785,2772,4559.94,0.5881,0.0249,0.0409605,0.0423,2833,504.98631,830.70248,2.8021,0.4872,0.801444,0.1739,64494,2964,4875.78,2.3318,0.103,0.169435,0.0442,112507,4376,7198.52,2.9642,0.1095,0.1801275,0.0369,38523,2094,3444.63,2.246,0.1165,0.1916425,0.0519,30001,1868,3072.86,1.6962,0.1029,0.1692705,0.0607,69013,3279,5393.955,3.6432,0.165,0.271425,0.0453,36,635,220.46693,362.6680999,7.6746,2.5938,4.266801,0.338
37,98557,3567,5867.715,0.9564,0.0334,0.054943,0.0349,98557,3565,5864.425,6.8651,0.2227,0.3663415,0.0324,37430,2032,3342.64,0.5727,0.0304,0.050008,0.0531,2410,320.85283,527.8029054,2.2344,0.2878,0.473431,0.1288,38116,2178,3582.81,1.8181,0.1003,0.1649935,0.0551,19318,1476,2428.02,1.7013,0.1271,0.2090795,0.0747,1528,302.15081,497.0380825,0.4724,0.0932,0.153314,0.1973,9022,1030,1694.35,1.2241,0.138,0.22701,0.1127,10004,1042,1714.09,2.0063,0.2015,0.3314675,0.1005,37,47,11,18.095,0.8705,0.2143,0.3525235,0.2461
38,3260,936.79774,1541.032282,0.4336,0.0829,0.1363705,0.1912,3260,936.79774,1541.032282,4.4905,0.8766,1.442007,0.1952,1128,432.88451,712.095019,0.1791,0.0568,0.093436,0.3172,1605,583.02316,959.0730982,4.7808,1.3461,2.2143345,0.2816,139,103.75452,170.6761854,0.613,0.3818,0.628061,0.6228,225,128.18346,210.8617917,0.6658,0.3524,0.579698,0.5292,72,72,118.44,0.6379,0.6317,1.0391465,0.9902,172,121.1693,199.3234985,0.3971,0.2675,0.4400375,0.6737,144,85.40492,140.4910934,1.4129,0.8496,1.397592,0.6014,38,.,.,.,.,.,.,.
39,80864,2984,4908.68,0.7039,0.0254,0.041783,0.036,80864,2982,4905.39,5.459,0.1844,0.303338,0.0338,43013,1943,3196.235,0.4802,0.0215,0.0353675,0.0447,379,159.90622,263.0457319,2.2477,0.9299,1.5296855,0.4137,24689,1938,3188.01,1.7811,0.1345,0.2212525,0.0755,7062,732.28541,1204.609499,1.3415,0.1358,0.223391,0.1012,1525,315.18352,518.4768904,0.5466,0.112,0.18424,0.2049,8271,873.92958,1437.614159,1.2496,0.1299,0.2136855,0.104,2962,433.65207,713.3576552,1.6309,0.2351,0.3867395,0.1441,39,25,15.58846,25.6430167,0.5391,0.3486,0.573447,0.6466
40,35778,1765,2903.425,0.9226,0.0443,0.0728735,0.048,35778,1765,2903.425,6.0936,0.2747,0.4518815,0.0451,17243,1143,1880.235,0.6648,0.0432,0.071064,0.065,5549,584.98333,962.2975779,1.9159,0.1912,0.314524,0.0998,4598,632.81929,1040.987732,1.7339,0.2348,0.386246,0.1354,5256,699.84748,1151.249105,1.0949,0.1479,0.2432955,0.135,432,140.98581,231.9216575,0.4858,0.1556,0.255962,0.3202,5777,691.64333,1137.753278,1.1635,0.1372,0.225694,0.1179,1976,385.6958,634.469591,1.4341,0.2782,0.457639,0.194,40,203,124.95999,205.5591836,3.3372,2.1134,3.476543,0.6333
41,31827,2263,3722.635,0.7684,0.0517,0.0850465,0.0672,31827,2263,3722.635,5.9778,0.3778,0.621481,0.0632,20822,1902,3128.79,0.6564,0.0576,0.094752,0.0877,764,212.04035,348.8063758,1.7142,0.4764,0.783678,0.2779,912,254.62712,418.8616124,1.184,0.3195,0.5255775,0.2699,7376,944.87859,1554.325281,1.2426,0.1542,0.253659,0.1241,1147,268.06073,440.9599009,0.6215,0.1454,0.239183,0.2339,4322,746.26224,1227.601385,0.967,0.163,0.268135,0.1685,3382,574.92922,945.7585669,1.6854,0.2801,0.4607645,0.1662,41,455,191.92967,315.7243072,3.257,1.3245,2.1788025,0.4067
42,99031,4294,7063.63,0.7882,0.0335,0.0551075,0.0425,99031,4285,7048.825,6.38,0.2523,0.4150335,0.0395,39905,2069,3403.505,0.4183,0.0214,0.035203,0.0511,573,232.14345,381.8759753,2.65,1.0583,1.7409035,0.3993,30331,2594,4267.13,2.3246,0.1917,0.3153465,0.0825,24085,2346,3859.17,2.2799,0.2167,0.3564715,0.095,4518,793.02344,1304.523559,0.9678,0.1689,0.2778405,0.1745,10812,1406,2312.87,1.3753,0.1764,0.290178,0.1282,12715,1795,2952.775,2.882,0.3996,0.657342,0.1387,42,177,65.62012,107.9450974,4.4697,1.7123,2.8167335,0.3831
44,4720,559.86159,920.9723156,0.4493,0.047,0.077315,0.1046,4720,559.86159,920.9723156,3.9759,0.4213,0.6930385,0.106,2322,366.79149,603.3720011,0.3053,0.046,0.07567,0.1506,16,9.38083,15.43146535,0.3588,0.2392,0.393484,0.6666,470,264.04545,434.3547653,0.7746,0.4166,0.685307,0.5379,1890,304.06414,500.1855103,1.0305,0.1731,0.2847495,0.168,388,168.78389,277.6494991,1.115,0.4729,0.7779205,0.4241,567,200.84073,330.3830009,0.5054,0.1692,0.278334,0.3348,887,224.57738,369.4297901,1.1468,0.3336,0.548772,0.2909,44,70,70,115.15,23.569,19.5097,32.0934565,0.8278
45,57848,2915,4795.175,1.1399,0.0549,0.0903105,0.0481,57848,2915,4795.175,7.7633,0.3437,0.5653865,0.0443,19625,1301,2140.145,0.6029,0.0393,0.0646485,0.0652,404,163.49389,268.9474491,2.3641,0.901,1.482145,0.3811,30387,2252,3704.54,2.3885,0.1674,0.275373,0.0701,5861,813.93438,1338.922055,1.6333,0.2251,0.3702895,0.1378,617,170.77337,280.9221937,0.7019,0.194,0.31913,0.2764,4252,650.83289,1070.620104,1.4444,0.2209,0.3633805,0.1529,2514,492.29568,809.8263936,1.7457,0.3367,0.5538715,0.1928,45,49,32.93934,54.1852143,1.2281,0.8578,1.411081,0.6985
46,8965,2477,4074.665,1.034,0.261,0.429345,0.2524,8965,2477,4074.665,9.2446,1.7449,2.8703605,0.1887,1630,443.36779,729.3400146,0.2299,0.0594,0.097713,0.2586,6544,2356,3875.62,9.809,1.857,3.054765,0.1893,190,132.10602,217.3144029,0.9631,0.5462,0.898499,0.5671,267,93.74967,154.2182072,0.6734,0.2211,0.3637095,0.3283,403,179.37949,295.0792611,3.2086,1.1983,1.9712035,0.3735,162,83.72574,137.7288423,0.3554,0.1771,0.2913295,0.4982,36,19.0263,31.2982635,0.2806,0.133,0.218785,0.474,46,.,.,.,.,.,.,.
47,72471,3334,5484.43,1.0599,0.0468,0.076986,0.0441,72471,3300,5428.5,7.3708,0.3001,0.4936645,0.0407,39155,1924,3164.98,0.7782,0.0367,0.0603715,0.0472,198,104.95713,172.6544789,1.1676,0.6291,1.0348695,0.5388,20896,2058,3385.41,1.9555,0.1857,0.3054765,0.095,9944,1467,2413.215,2.0288,0.2906,0.478037,0.1433,909,263.6357,433.6807265,0.7186,0.2072,0.340844,0.2883,6850,911.18138,1498.89337,1.6538,0.2131,0.3505495,0.1289,4382,1130,1858.85,2.5006,0.6251,1.0282895,0.25,47,81,44.87761,73.82366845,1.8502,1.0192,1.676584,0.5509
48,385673,7648,12580.96,1.3283,0.0257,0.0422765,0.0193,385673,7611,12520.095,8.3461,0.147,0.241815,0.0176,137372,4531,7453.495,0.8801,0.0283,0.0465535,0.0322,3256,590.66906,971.6506037,1.728,0.3082,0.506989,0.1783,64745,3206,5273.87,1.8552,0.0895,0.1472275,0.0483,243840,6043,9940.735,2.116,0.0508,0.083566,0.024,12874,1633,2686.285,0.8297,0.104,0.17108,0.1253,106892,3936,6474.72,1.8921,0.0675,0.1110375,0.0357,60081,2578,4240.81,2.386,0.0988,0.162526,0.0414,48,453,111.77507,183.8699902,1.6754,0.4221,0.6943545,0.2519
49,19798,1399,2301.355,0.6041,0.0433,0.0712285,0.0716,19798,1399,2301.355,6.2355,0.4082,0.671489,0.0655,11047,1050,1727.25,0.4182,0.04,0.0658,0.0957,944,268.40579,441.5275246,2.8636,0.7737,1.2727365,0.2702,308,137.48697,226.1660657,0.8419,0.3806,0.626087,0.4521,6994,1100,1809.5,1.3806,0.218,0.35861,0.1579,1488,470.72072,774.3355844,1.9531,0.5929,0.9753205,0.3036,1990,418.08651,687.752309,0.7286,0.1496,0.246092,0.2054,3632,748.23481,1230.846262,1.9279,0.3925,0.6456625,0.2036,49,363,154.97226,254.9293677,1.3132,0.5457,0.8976765,0.4156
50,2311,692.94661,1139.897173,0.3725,0.1011,0.1663095,0.2712,2311,692.94661,1139.897173,3.5368,0.9031,1.4855995,0.2553,2023,629.89126,1036.171123,0.3569,0.11,0.18095,0.3083,13,13,21.385,1.1255,0.7573,1.2457585,0.6728,.,.,.,.,.,.,.,67,48.54894,79.8630063,0.456,0.2907,0.4782015,0.6375,147,147,241.815,1.4095,1.357,2.232265,0.9628,93,38.48376,63.3057852,0.3045,0.1336,0.219772,0.4386,35,27.51363,45.25992135,0.8074,0.6741,1.1088945,0.8349,50,.,.,.,.,.,.,.
51,63954,2696,4434.92,0.7594,0.0312,0.051324,0.0411,63954,2695,4433.275,6.6014,0.252,0.41454,0.0382,23087,1552,2553.04,0.4433,0.0295,0.0485275,0.0665,519,222.1432,365.425564,2.1235,0.8845,1.4550025,0.4166,21875,1514,2490.53,1.4078,0.0949,0.1561105,0.0674,14835,1515,2492.175,1.6301,0.1616,0.265832,0.0991,3640,504.2833,829.5460285,0.6314,0.087,0.143115,0.1378,6134,803.69522,1322.078637,0.8651,0.111,0.182595,0.1283,8681,1268,2085.86,2.5236,0.3572,0.587594,0.1416,51,18,18,29.61,0.3372,0.3384,0.556668,1.0035
53,50363,2462,4049.99,0.6637,0.032,0.05264,0.0483,50363,2462,4049.99,5.9313,0.268,0.44086,0.0452,25534,1784,2934.68,0.4956,0.0344,0.056588,0.0695,2479,399.7089,657.5211405,2.8233,0.4391,0.7223195,0.1555,3033,484.14745,796.4225553,1.0277,0.1625,0.2673125,0.1582,13316,1353,2225.685,1.2487,0.1243,0.2044735,0.0996,4188,571.41465,939.9770993,0.5898,0.0793,0.1304485,0.1345,7074,789.69575,1299.049509,0.8109,0.089,0.146405,0.1098,6612,879.81344,1447.293109,1.5782,0.2052,0.337554,0.13,53,1157,355.97856,585.5847312,2.4587,0.7346,1.208417,0.2988
54,19450,1937,3186.365,1.1226,0.0835,0.1373575,0.0744,19450,1937,3186.365,7.0276,0.4663,0.7670635,0.0663,17047,1854,3049.83,1.0769,0.0904,0.148708,0.084,.,.,.,.,.,.,.,1106,324.84458,534.3693341,2.2593,0.6871,1.1302795,0.3041,288,176.91241,291.0209145,0.8514,0.5292,0.870534,0.6215,106,65.31462,107.4425499,0.7774,0.4801,0.7897645,0.6177,1077,245.48727,403.8265592,1.4635,0.3315,0.5453175,0.2265,96,68.11755,112.0533698,0.8487,0.6152,1.012004,0.7249,54,18,0,0,4.712,0.2739,0.4505655,0.0581
55,23751,1774,2918.23,0.413,0.0305,0.0501725,0.0739,23751,1774,2918.23,4.0707,0.2841,0.4673445,0.0698,12631,1201,1975.645,0.2698,0.0255,0.0419475,0.0944,827,199.24257,327.7540277,1.9852,0.4658,0.766241,0.2346,5798,1042,1714.09,1.701,0.299,0.491855,0.1758,3148,625.51554,1028.973063,0.7002,0.1374,0.226023,0.1962,1264,440.88874,725.2619773,0.757,0.262,0.43099,0.3461,2300,437.57162,719.8053149,0.598,0.1123,0.1847335,0.1878,911,377.84084,621.5481818,0.6858,0.2829,0.4653705,0.4124,55,20,20,32.9,0.7042,0.7147,1.1756815,1.0148
56,2378,891.5952,1466.674104,0.42,0.0841,0.1383445,0.2003,2378,891.5952,1466.674104,4.0726,0.6311,1.0381595,0.155,992,363.69493,598.2781599,0.2035,0.0421,0.0692545,0.2068,483,248.66242,409.0496809,4.0891,0.9761,1.6056845,0.2387,35,35,57.575,0.7491,0.7009,1.1529805,0.9357,950,521.16696,857.3196492,1.6035,0.6278,1.032731,0.3915,55,55,90.475,1.2258,1.0362,1.704549,0.8453,265,177.06778,291.2764981,0.6722,0.3422,0.562919,0.509,548,408.43482,671.8752789,3.0632,2.0019,3.2931255,0.6535,56,.,.,.,.,.,.,.