State,State_Abbr,State_Abbreviation,State_FIPS,DU_WeightedFrequency,MOE_freq,DUpercent_prevalenceinSTATE,MOE_percent,CV_Percent,Poordu_WeightedFrequency,Poordu_MOE_freq,Poordu_percent,Poordu_MOE_percent,Poordu_CV_Percent,White_DU_WeightedFrequency,White_MOE_freq,White_percent,White_MOE_percent,White_CV_Percent,AIAN_DU_WeightedFrequency,AIAN_MOE_freq,AIAN_percent,AIAN_MOE_percent,AIAN_CV_Percent,Black_DU_WeightedFrequency,Black_MOE_freq,Black_percent,Black_MOE_percent,Black_CV_Percent,Hispanic_DU_WeightedFrequency,Hispanic_MOE_freq,Hispanic_percent,Hispanic_MOE_percent,Hispanic_CV_Percent,Asian_DU_WeightedFrequency,Asian_MOE_freq,Asian_percent,Asian_MOE_percent,Asian_CV_Percent,Multi_DU_WeightedFrequency,Multi_MOE_freq,Multi_percent,Multi_MOE_percent,Multi_CV_Percent,Other_DU_WeightedFrequency,Other_MOE_freq,Other_percent,Other_MOE_percent,Other_CV_Percent,NHOPI_DU_WeightedFrequency,NHOPI_MOE_freq,NHOPI_percent,NHOPI_MOE_percent,NHOPI_CV_Percent,State_Name,White_Poordu_WeightedFrequency,White_Poordu_MOE_freq,White_Poordu_percent,White_Poordu_MOE_percent,White_Poordu_CV_Percent,Black_Poordu_WeightedFrequency,Black_Poordu_MOE_freq,Black_Poordu_percent,Black_Poordu_MOE_percent,Black_Poordu_CV_Percent,AIAN_Poordu_WeightedFrequency,AIAN_Poordu_MOE_freq,AIAN_Poordu_percent,AIAN_Poordu_MOE_percent,AIAN_Poordu_CV_Percent,Asian_Poordu_WeightedFrequency,Asian_Poordu_MOE_freq,Asian_Poordu_percent,Asian_Poordu_MOE_percent,Asian_Poordu_CV_Percent,NHOPI_Poordu_WeightedFrequency,NHOPI_Poordu_MOE_freq,NHOPI_Poordu_percent,NHOPI_Poordu_MOE_percent,NHOPI_Poordu_CV_Percent,Other_Poordu_WeightedFrequency,Other_Poordu_MOE_freq,Other_Poordu_percent,Other_Poordu_MOE_percent,Other_Poordu_CV_Percent,Multi_Poordu_WeightedFrequency,Multi_Poordu_MOE_freq,Multi_Poordu_percent,Multi_Poordu_MOE_percent,Multi_Poordu_CV_Percent,Hisp_Poordu_WeightedFrequency,Hisp_Poordu_MOE_freq,Hisp_Poordu_percent,Hisp_Poordu_MOE_percent,Hisp_Poordu_CV_Percent,White_Flag,White_Category,Black_Flag,Black_Category,AIAN_Flag,AIAN_Category,Asian_Flag,Asian_Category,NHOPI_Flag,NHOPI_Category,Hispanic_Flag,Hispanic_Category,Other_Flag,Other_Category,Multi_Flag,Multi_Category,Poor_Flag,Poor_Category,White_Poor_Flag,Black_Poor_Flag,AIAN_Poor_Flag,Asian_Poor_Flag,NHOPI_Poor_Flag,Hispanic_Poor_Flag,Other_Poor_Flag,Multi_Poor_Flag,stusps,Geometry_WKT
Alabama,AL,AL,01,60011,4589.55,1.2202,0.09,0.0448,60011,4589.55,7.92,0.54,0.0413,25813,2873.815,0.8,0.09,0.0669,112.0,71.8170152,0.47,0.31,0.3933,28388.0,3207.75,2.24,0.24,0.0659,4228,1311.616832,1.58,0.48,0.1854,357.0,208.5778902,0.5,0.29,0.3575,2876,843.93435,1.3,0.37,0.1756,2465,817.7554417,2.26,0.74,0.1999,0.0,.,0.0,0.0,.,Alabama,25813.0,2873.815,7.29,0.74,0.0618,28388.0,3206.105,8.93,0.91,0.0618,112.0,71.79817995,2.21,1.53,0.42,357.0,204.2968106,4.74,2.66,0.3408,0.0,0.0,0.0,0.0,0.0,2465.0,800.2369155,8.01,2.53,0.1918,2876.0,831.4755971,6.94,1.93,0.1688,4228.0,1303.594282,6.07,1.84,0.184,1,White,1,Black,1,AIAN,1,Asian,0,Not NHOPI,1,Hispanic,1,Other,1,Multi,1,Poor,1,1,1,1,0,1,1,1,AL,"POLYGON ((14.060000000000002 0.1330000000025432, 14.060000000000002 1.1559999999946042, 14.989999999999998 1.713999999990275, 15.92 1.155999999994604, 15.92 0.1330000000025432, 14.989999999999998 -0.4249999999931265, 14.060000000000002 0.1330000000025432))"
Alaska,AK,AK,02,5979,4378.99,0.8494,0.53,0.3762,5979,4378.99,7.93,3.95,0.3029,1076,794.6814379,0.25,0.17,0.4173,3908.0,4069.73,4.02,1.96,0.2971,205.0,210.0131033,0.98,1.07,0.6593,160,147.0964922,0.32,0.25,0.4647,74.0,86.10754145,0.16,0.12,0.458,303,202.2279763,0.35,0.19,0.3291,135,170.6920432,0.92,1.1,0.7286,278.0,457.31,2.78,3.7,0.8091,Alaska,1076.0,794.6814379,3.32,1.95,0.357,205.0,210.0131033,4.27,4.68,0.6657,3908.0,4069.73,17.73,5.6,0.1919,74.0,86.10754145,2.19,2.26,0.6275,278.0,0.0,16.42,3.41,0.1262,135.0,149.695,9.15,9.43,0.6262,303.0,202.2279763,3.17,1.54,0.2964,160.0,147.0964922,2.66,1.85,0.4235,1,White,1,Black,1,AIAN,1,Asian,1,NHOPI,1,Hispanic,1,Other,1,Multi,1,Poor,1,1,1,1,1,1,1,1,AK,"POLYGON ((0.06 10.332999999924946, 0.06 11.355999999917536, 0.9899999999999999 11.913999999913544, 1.92 11.355999999917536, 1.92 10.332999999924942, 0.9899999999999999 9.77499999992903, 0.06 10.332999999924946))"
Arizona,AZ,AZ,04,86703,5421.92,1.2201,0.07,0.0365,86703,5420.275,8.49,0.47,0.0339,30942,3340.995,0.69,0.07,0.0628,16059.0,1751.925,5.66,0.55,0.0589,4122.0,1004.012935,1.28,0.3,0.1436,47178,4365.83,2.13,0.19,0.0541,1361.0,440.4390281,0.56,0.18,0.196,21652,2975.805,1.85,0.24,0.0796,12521,2039.8,2.19,0.34,0.0946,46.0,54.30992175,0.38,0.46,0.7229,Arizona,30942.0,3339.35,6.0,0.58,0.0592,4122.0,991.6579327,6.43,1.45,0.1369,16059.0,1728.895,18.56,1.55,0.0506,1361.0,435.6820664,4.58,1.39,0.1845,46.0,54.30992175,2.87,3.43,0.7264,12521.0,2008.545,10.91,1.54,0.0859,21652.0,2933.035,10.34,1.19,0.0702,47178.0,4359.25,10.71,0.88,0.05,1,White,1,Black,1,AIAN,1,Asian,1,NHOPI,1,Hispanic,1,Other,1,Multi,1,Poor,1,1,1,1,1,1,1,1,AZ,"POLYGON ((5.06 1.8329999999893527, 5.06 2.8559999999814307, 5.989999999999998 3.4139999999771224, 6.919999999999999 2.8559999999814307, 6.919999999999999 1.8329999999893525, 5.989999999999998 1.2749999999936816, 5.06 1.8329999999893527))"
Arkansas,AR,AR,05,30651,3489.045,1.0393,0.1,0.0586,30651,3489.045,6.71,0.61,0.0551,17455,2451.05,0.83,0.1,0.0757,562.0,743.5654811,3.34,4.1,0.7452,7995.0,1491.041785,1.86,0.32,0.1045,2965,1109.926145,1.13,0.41,0.2183,460.0,273.4802301,1.0,0.57,0.3491,1988,626.3953882,0.77,0.24,0.1902,1454,645.3264101,1.61,0.71,0.268,737.0,670.4513669,6.69,6.2,0.5634,Arkansas,17455.0,2451.05,6.63,0.76,0.0693,7995.0,1491.041785,6.41,1.05,0.1001,562.0,743.5648724,21.68,21.34,0.5982,460.0,268.9059293,9.73,5.97,0.3726,737.0,598.5438274,27.23,15.77,0.3521,1454.0,633.5912104,8.44,3.48,0.2504,1988.0,623.6264255,4.86,1.49,0.1856,2965.0,1102.880577,6.14,1.98,0.1962,1,White,1,Black,1,AIAN,1,Asian,1,NHOPI,1,Hispanic,1,Other,1,Multi,1,Poor,1,1,1,1,1,1,1,1,AR,"POLYGON ((11.059999999999997 1.8329999999893525, 11.06 2.8559999999814307, 11.99 3.4139999999771224, 12.919999999999998 2.8559999999814307, 12.919999999999998 1.8329999999893518, 11.989999999999998 1.2749999999936816, 11.059999999999997 1.8329999999893525))"
California,CA,CA,06,689375,15415.295,1.7964,0.04,0.0132,689375,15369.235,10.91,0.21,0.0117,178115,7848.295,1.06,0.05,0.0262,12415.0,1737.12,2.88,0.39,0.0827,48875.0,4120.725,2.38,0.2,0.05,462861,12852.385,3.01,0.08,0.0162,73235.0,4295.095,1.25,0.07,0.0351,132012,7187.005,2.09,0.11,0.0321,240376,8626.38,3.59,0.12,0.0209,3669.0,1253.24399,3.25,1.06,0.1978,California,178115.0,7784.14,8.02,0.31,0.0237,48875.0,4068.085,9.95,0.75,0.0459,12415.0,1676.255,13.68,1.64,0.0731,73235.0,4244.1,9.05,0.47,0.0315,3669.0,1007.09833,16.65,3.53,0.129,240376.0,8409.24,15.12,0.45,0.018,132012.0,7057.05,12.09,0.57,0.0284,462861.0,12707.625,13.97,0.32,0.0141,1,White,1,Black,1,AIAN,1,Asian,1,NHOPI,1,Hispanic,1,Other,1,Multi,1,Poor,1,1,1,1,1,1,1,1,CA,"POLYGON ((3.0600000000000005 1.8329999999893527, 3.06 2.8559999999814307, 3.99 3.4139999999771224, 4.92 2.8559999999814307, 4.919999999999999 1.8329999999893527, 3.99 1.2749999999936816, 3.0600000000000005 1.8329999999893527))"
Colorado,CO,CO,08,32966,2928.1,0.5796,0.05,0.0533,32966,2928.1,5.04,0.42,0.0502,15651,1789.76,0.37,0.04,0.0685,1291.0,593.5705153,2.3,1.03,0.272,3626.0,1125.43991,1.64,0.49,0.1833,16497,2263.52,1.3,0.17,0.0816,1148.0,372.4735501,0.63,0.2,0.1971,5720,1207.20169,0.79,0.16,0.1238,5477,1322.177896,1.76,0.41,0.1404,53.0,75.1856791,0.71,1.0,0.8621,Colorado,15651.0,1789.76,3.92,0.42,0.0654,3626.0,1125.275986,6.9,1.93,0.1698,1291.0,545.6860458,10.9,4.52,0.252,1148.0,365.2917597,5.59,1.69,0.1839,53.0,0.0,4.74,0.66,0.085,5477.0,1311.412983,9.31,1.95,0.1271,5720.0,1192.567228,5.21,1.01,0.1177,16497.0,2261.875,7.19,0.89,0.0756,1,White,1,Black,1,AIAN,1,Asian,1,NHOPI,1,Hispanic,1,Other,1,Multi,1,Poor,1,1,1,1,1,1,1,1,CO,"POLYGON ((6.059999999999999 3.532999999976204, 6.059999999999999 4.55599999996833, 6.990000000000001 5.113999999964054, 7.92 4.555999999968332, 7.919999999999999 3.532999999976204, 6.989999999999998 2.9749999999805117, 6.059999999999999 3.532999999976204))"
Connecticut,CT,CT,09,24338,3112.34,0.6949,0.08,0.0729,24338,3112.34,5.78,0.62,0.0651,8559,1488.561849,0.36,0.06,0.1028,289.0,183.8293422,3.15,1.86,0.3591,6219.0,1671.32,1.68,0.43,0.1547,9678,1748.635,1.54,0.26,0.1036,1333.0,572.7435487,0.81,0.35,0.2611,4904,1484.445812,1.44,0.42,0.1771,3034,792.0191864,1.2,0.3,0.1504,0.0,.,0.0,0.0,.,Connecticut,8559.0,1488.549709,4.39,0.67,0.0928,6219.0,1646.645,7.71,1.82,0.1435,289.0,170.226903,12.14,6.09,0.3049,1333.0,566.3541219,6.98,2.86,0.249,0.0,0.0,0.0,0.0,0.0,3034.0,786.4159545,4.45,1.05,0.1433,4904.0,1479.372237,8.78,2.27,0.157,9678.0,1745.345,6.15,1.02,0.1013,1,White,1,Black,1,AIAN,1,Asian,0,Not NHOPI,1,Hispanic,1,Other,1,Multi,1,Poor,1,1,1,1,0,1,1,1,CT,"POLYGON ((21.059999999999995 5.23299999996314, 21.06 6.255999999955343, 21.99 6.813999999951115, 22.919999999999995 6.255999999955341, 22.919999999999995 5.232999999963141, 21.989999999999995 4.674999999967418, 21.059999999999995 5.23299999996314))"
Delaware,DE,DE,10,8213,2401.7,0.8357,0.16,0.1174,8213,2401.7,7.1,1.07,0.0918,2019,643.6618181,0.33,0.1,0.1853,357.0,572.5663493,9.14,11.11,0.7396,2997.0,1481.471142,1.41,0.58,0.2479,2339,1072.889382,2.2,0.71,0.197,41.0,51.62784795,0.1,0.11,0.6875,1468,897.7511172,1.92,1.21,0.3838,1331,760.7711447,3.16,1.72,0.3313,0.0,.,0.0,0.0,.,Delaware,2019.0,643.6618181,4.3,1.25,0.1762,2997.0,1481.471142,7.49,3.11,0.2522,357.0,572.5663493,23.86,14.44,0.3678,41.0,51.62784795,1.17,1.48,0.767,0.0,0.0,0.0,0.0,0.0,1331.0,739.2275667,13.56,5.76,0.2582,1468.0,897.7511172,10.48,5.67,0.3291,2339.0,1072.889382,9.92,2.43,0.1491,1,White,1,Black,1,AIAN,1,Asian,0,Not NHOPI,1,Hispanic,1,Other,1,Multi,1,Poor,1,1,1,1,0,1,1,1,DE,"POLYGON ((18.05999999999999 3.5329999999762025, 18.06 4.555999999968331, 18.99 5.113999999964052, 19.92 4.55599999996833, 19.92 3.532999999976204, 18.990000000000006 2.9749999999805117, 18.05999999999999 3.5329999999762025))"
District of Columbia,DC,DC,11,9194,3809.82,1.4348,0.33,0.1393,9194,3809.82,8.11,1.25,0.0935,306,216.3784802,0.12,0.07,0.3599,0.0,.,0.0,0.0,.,7069.0,3168.27,2.56,0.33,0.0775,1310,867.3347382,1.74,1.08,0.3759,186.0,228.9684054,0.73,0.78,0.6483,508,354.3132929,0.92,0.44,0.2899,1125,698.7339671,3.47,2.1,0.3679,0.0,.,0.0,0.0,.,District of Columbia,306.0,216.3784802,2.22,1.36,0.3733,7069.0,3168.27,8.8,1.3,0.09,0.0,0.0,0.0,0.0,0.0,186.0,228.9684054,4.58,5.46,0.724,0.0,0.0,0.0,0.0,0.0,1125.0,656.6497182,15.03,5.64,0.2283,508.0,327.7226411,7.24,3.18,0.2669,1310.0,735.3517987,10.39,4.91,0.287,1,White,1,Black,0,Not AIAN,1,Asian,0,Not NHOPI,1,Hispanic,1,Other,1,Multi,1,Poor,1,1,0,1,0,1,1,1,DC,"POLYGON ((23.06 1.8329999999893527, 23.060000000000006 2.8559999999814307, 23.99 3.4139999999771224, 24.920000000000005 2.8559999999814307, 24.919999999999995 1.8329999999893525, 23.990000000000006 1.2749999999936814, 23.06 1.8329999999893527))"
Florida,FL,FL,12,279979,11136.65,1.305,0.05,0.0235,279979,11082.365,8.24,0.29,0.0213,101841,6244.42,0.79,0.05,0.0365,1802.0,735.8198012,2.77,1.09,0.2399,89421.0,6650.735,2.76,0.2,0.0435,109999,6853.07,1.9,0.11,0.0367,5753.0,1152.283086,0.93,0.18,0.12,54075,5127.465,1.57,0.14,0.0558,26985,2812.95,2.25,0.23,0.0621,102.0,75.1496865,0.83,0.62,0.4559,Florida,101841.0,6218.1,6.44,0.36,0.0337,89421.0,6586.58,11.1,0.73,0.0398,1802.0,661.3778759,11.4,3.65,0.1946,5753.0,1134.753999,6.87,1.23,0.109,102.0,57.4573825,6.99,3.76,0.3269,26985.0,2748.795,9.88,0.93,0.0571,54075.0,5074.825,8.49,0.72,0.0513,109999.0,6808.655,9.35,0.51,0.0335,1,White,1,Black,1,AIAN,1,Asian,1,NHOPI,1,Hispanic,1,Other,1,Multi,1,Poor,1,1,1,1,1,1,1,1,FL,"POLYGON ((16.06 -2.232999999979121, 16.990000000000002 -1.6749999999834384, 17.919999999999998 -2.2329999999791217, 17.92 -3.2559999999712272, 16.990000000000006 -3.813999999966938, 16.06 -3.255999999971227, 16.06 -2.232999999979121))"
Georgia,GA,GA,13,135077,7856.52,1.2777,0.07,0.0337,135077,7856.52,8.56,0.43,0.0304,39785,3441.34,0.71,0.06,0.0514,1477.0,518.5777947,3.52,1.22,0.2111,69413.0,6310.22,2.11,0.18,0.0521,21261,2878.75,1.87,0.24,0.0791,3575.0,852.0830385,0.78,0.18,0.1441,10325,2071.055,1.35,0.26,0.1167,10458,1890.105,2.38,0.42,0.1072,44.0,0,0.59,0.07,0.0764,Georgia,39785.0,3439.695,7.1,0.56,0.0476,69413.0,6303.64,10.0,0.77,0.0467,1477.0,478.6416691,12.19,3.73,0.1861,3575.0,841.7224337,6.31,1.34,0.1286,44.0,0.0,2.91,0.23,0.047,10458.0,1847.335,9.09,1.51,0.1013,10325.0,2049.67,7.43,1.23,0.1005,21261.0,2844.205,8.06,0.93,0.0704,1,White,1,Black,1,AIAN,1,Asian,1,NHOPI,1,Hispanic,1,Other,1,Multi,1,Poor,1,1,1,1,1,1,1,1,GA,"POLYGON ((15.060000000000002 -1.566999999984273, 15.059999999999997 -0.5439999999922036, 15.99 0.0140000000034662, 16.92 -0.5439999999922036, 16.92 -1.5669999999842736, 15.99 -2.124999999979956, 15.060000000000002 -1.566999999984273))"
Hawaii,HI,HI,15,19301,3668.35,1.3727,0.22,0.0963,19301,3668.35,10.74,1.49,0.0846,1718,594.0811398,0.56,0.19,0.2109,19.0,31.255,0.65,1.08,1.016,209.0,183.4672777,0.85,0.69,0.4945,2128,680.9611239,1.56,0.43,0.1673,3957.0,1460.98877,0.76,0.25,0.2002,6818,1634.976077,1.77,0.31,0.1072,447,359.4202612,1.99,1.63,0.4973,6067.0,2470.79,4.45,1.55,0.2113,Hawaii,1718.0,594.0811398,4.47,1.53,0.2081,209.0,183.4672777,4.94,3.98,0.4904,19.0,31.255,3.53,5.82,1.0016,3957.0,1460.98877,8.5,2.49,0.178,6067.0,2470.79,16.79,4.69,0.1699,447.0,325.5063819,10.13,7.47,0.4485,6818.0,1634.976077,13.91,2.39,0.1044,2128.0,680.8120869,9.44,2.37,0.1526,1,White,1,Black,1,AIAN,1,Asian,1,NHOPI,1,Hispanic,1,Other,1,Multi,1,Poor,1,1,1,1,1,1,1,1,HI,"POLYGON ((0.06 -3.2669999999711417, 0.06 -2.243999999979036, 0.9899999999999999 -1.6859999999833533, 1.9199999999999997 -2.243999999979035, 1.92 -3.266999999971142, 0.9899999999999999 -3.8249999999668525, 0.06 -3.2669999999711417))"
Idaho,ID,ID,16,9431,2102.31,0.5115,0.11,0.1309,9431,2102.31,4.83,1.08,0.1361,6539,1875.3,0.42,0.12,0.1703,379.0,156.2490255,1.75,0.72,0.2515,589.0,373.4874623,4.27,2.7,0.384,1757,665.7252161,0.71,0.27,0.2265,66.0,65.75885855,0.27,0.26,0.5903,733,462.1908466,0.47,0.28,0.3586,1117,603.4101322,1.28,0.71,0.3369,8.0,10.4039012,0.32,0.43,0.802,Idaho,6539.0,1875.3,4.34,1.26,0.177,589.0,325.8262851,19.26,7.32,0.231,379.0,144.505864,7.87,3.06,0.2363,66.0,65.75885855,2.14,1.96,0.5572,8.0,0.0,3.0,0.28,0.0562,1117.0,598.6112559,7.86,4.08,0.3158,733.0,462.1908466,3.86,2.27,0.358,1757.0,661.0601277,4.69,1.79,0.2315,1,White,1,Black,1,AIAN,1,Asian,1,NHOPI,1,Hispanic,1,Other,1,Multi,1,Poor,1,1,1,1,1,1,1,1,ID,"POLYGON ((3.0599999999999996 5.23299999996314, 3.0599999999999996 6.255999999955342, 3.99 6.813999999951115, 4.92 6.255999999955342, 4.919999999999999 5.23299999996314, 3.9899999999999984 4.674999999967417, 3.0599999999999996 5.23299999996314))"
Illinois,IL,IL,17,103225,5961.48,0.8315,0.05,0.0344,103225,5949.965,6.59,0.34,0.0315,30643,2714.25,0.39,0.03,0.0534,975.0,472.6356096,1.53,0.73,0.2904,37895.0,3697.96,2.26,0.21,0.0577,32385,3605.84,1.4,0.15,0.0658,5344.0,1365.945868,0.74,0.19,0.154,13055,2228.975,1.1,0.18,0.1012,15183,2505.335,1.65,0.27,0.098,130.0,31.0377942,2.66,0.69,0.1572,Illinois,30643.0,2706.025,4.4,0.36,0.05,37895.0,3679.865,8.63,0.77,0.0545,975.0,465.3452164,9.34,3.99,0.26,5344.0,1354.81463,6.21,1.46,0.1433,130.0,0.0,20.73,0.6,0.0175,15183.0,2464.21,9.61,1.34,0.085,13055.0,2196.075,7.48,1.13,0.0922,32385.0,3577.875,8.55,0.82,0.0581,1,White,1,Black,1,AIAN,1,Asian,1,NHOPI,1,Hispanic,1,Other,1,Multi,1,Poor,1,1,1,1,1,1,1,1,IL,"POLYGON ((11.059999999999997 5.2329999999631385, 11.06 6.255999999955342, 11.989999999999998 6.813999999951115, 12.919999999999998 6.255999999955342, 12.919999999999998 5.2329999999631385, 11.989999999999998 4.674999999967418, 11.059999999999997 5.2329999999631385))"
Indiana,IN,IN,18,48109,4127.305,0.7253,0.06,0.0506,48109,4127.305,5.88,0.46,0.0475,31439,3153.465,0.6,0.06,0.0598,105.0,121.0975962,0.63,0.72,0.7012,9551.0,2184.56,1.58,0.35,0.1361,6248,1457.008051,1.12,0.25,0.1371,809.0,347.0516872,0.49,0.21,0.2604,3659,811.7809662,0.86,0.19,0.1321,2475,862.0444511,1.16,0.39,0.2066,71.0,116.795,3.65,5.69,0.9478,Indiana,31439.0,3153.465,6.16,0.57,0.0561,9551.0,2176.335,5.85,1.26,0.1309,105.0,120.2482663,4.45,5.18,0.7074,809.0,310.6324564,3.32,1.28,0.235,71.0,0.0,20.82,0.9,0.0264,2475.0,851.8756533,5.46,1.76,0.1963,3659.0,804.6085194,5.1,1.09,0.1303,6248.0,1448.219474,6.03,1.31,0.1323,1,White,1,Black,1,AIAN,1,Asian,1,NHOPI,1,Hispanic,1,Other,1,Multi,1,Poor,1,1,1,1,1,1,1,1,IN,"POLYGON ((13.059999999999997 5.2329999999631385, 13.059999999999997 6.255999999955342, 13.990000000000002 6.813999999951115, 14.919999999999995 6.255999999955341, 14.919999999999995 5.23299999996314, 13.990000000000002 4.674999999967418, 13.059999999999997 5.2329999999631385))"
Iowa,IA,IA,19,15371,2821.175,0.4962,0.09,0.1059,15371,2819.53,4.75,0.77,0.0985,9096,1637.972346,0.34,0.06,0.1049,246.0,196.3330037,2.62,2.0,0.4653,2183.0,1477.28488,1.88,1.24,0.3992,1972,896.8592147,0.9,0.4,0.2687,830.0,556.5827726,1.11,0.73,0.3992,1779,851.1595519,1.0,0.45,0.2766,963,623.4810404,1.57,0.99,0.3825,274.0,307.1219771,7.37,7.89,0.6514,Iowa,9096.0,1636.134733,3.86,0.63,0.0989,2183.0,1475.308906,6.28,3.93,0.3802,246.0,177.2851703,11.2,7.86,0.4265,830.0,546.1711399,8.12,4.86,0.3639,274.0,253.3353463,23.54,22.33,0.5766,963.0,591.3770888,7.94,4.63,0.3548,1779.0,833.5750283,6.55,2.75,0.2549,1972.0,870.7518309,5.41,2.26,0.254,1,White,1,Black,1,AIAN,1,Asian,1,NHOPI,1,Hispanic,1,Other,1,Multi,1,Poor,1,1,1,1,1,1,1,1,IA,"POLYGON ((9.059999999999999 5.2329999999631385, 9.059999999999999 6.255999999955341, 9.99 6.813999999951115, 10.92 6.255999999955342, 10.919999999999998 5.2329999999631385, 9.989999999999997 4.674999999967419, 9.059999999999999 5.2329999999631385))"
Kansas,KS,KS,20,18037,2470.79,0.6327,0.08,0.081,18037,2470.79,5.61,0.69,0.0743,10436,2000.32,0.47,0.09,0.1149,604.0,475.3974166,2.88,2.22,0.4676,1748.0,671.1808257,1.22,0.47,0.2341,4634,1118.579438,1.21,0.29,0.1449,799.0,530.0704556,0.95,0.62,0.396,2786,856.0129599,1.05,0.31,0.1777,1579,524.296703,1.38,0.43,0.1901,85.0,125.02,3.7,5.14,0.8453,Kansas,10436.0,2000.32,5.06,0.9,0.1078,1748.0,670.5612694,5.41,1.98,0.2224,604.0,475.2228163,14.92,9.89,0.4031,799.0,529.675524,7.27,4.35,0.3638,85.0,0.0,18.93,0.0,0.0,1579.0,521.5908261,6.17,1.87,0.1844,2786.0,855.345896,6.66,1.79,0.1634,4634.0,1117.814644,6.34,1.43,0.1367,1,White,1,Black,1,AIAN,1,Asian,1,NHOPI,1,Hispanic,1,Other,1,Multi,1,Poor,1,1,1,1,1,1,1,1,KS,"POLYGON ((9.059999999999999 1.8329999999893525, 9.059999999999997 2.85599999998143, 9.99 3.4139999999771224, 10.92 2.85599999998143, 10.919999999999998 1.8329999999893525, 9.989999999999998 1.2749999999936814, 9.059999999999999 1.8329999999893525))"
Kentucky,KY,KY,21,50107,4181.59,1.1418,0.09,0.0478,50107,4181.59,7.23,0.53,0.0444,39429,3773.63,1.07,0.1,0.0552,83.0,89.42205195,1.29,1.41,0.6642,5068.0,1246.41599,1.51,0.35,0.1424,3154,906.7250035,1.53,0.44,0.1739,505.0,270.9900785,0.76,0.4,0.3216,3787,891.451491,1.65,0.37,0.1381,1154,446.9478489,1.77,0.68,0.2331,81.0,54.285,2.57,1.79,0.4245,Kentucky,39429.0,3773.63,7.45,0.63,0.0514,5068.0,1241.100979,5.97,1.32,0.1344,83.0,87.57211785,5.69,5.78,0.6174,505.0,264.2389327,5.22,2.72,0.3168,81.0,54.285,26.04,17.18,0.401,1154.0,434.7115164,7.27,2.66,0.2223,3787.0,883.2715969,7.36,1.62,0.1336,3154.0,901.1622057,6.77,1.78,0.1598,1,White,1,Black,1,AIAN,1,Asian,1,NHOPI,1,Hispanic,1,Other,1,Multi,1,Poor,1,1,1,1,1,1,1,1,KY,"POLYGON ((12.06 3.532999999976204, 12.059999999999997 4.55599999996833, 12.989999999999998 5.11399999996405, 13.920000000000002 4.55599999996833, 13.919999999999998 3.5329999999762025, 12.989999999999998 2.9749999999805117, 12.06 3.532999999976204))"
Louisiana,LA,LA,22,73087,6030.57,1.6252,0.12,0.0457,73087,6012.475,8.57,0.59,0.0417,22112,2692.865,0.84,0.1,0.0709,522.0,234.5574903,1.96,0.89,0.276,42836.0,4661.93,3.1,0.31,0.0598,4330,1536.943585,1.39,0.48,0.2081,736.0,299.3939151,0.96,0.39,0.2458,4063,970.9848393,1.41,0.33,0.1417,2806,1337.018231,2.85,1.29,0.274,12.0,0,0.56,0.15,0.1599,Louisiana,22112.0,2666.545,6.92,0.78,0.0681,42836.0,4619.16,9.98,0.91,0.0556,522.0,227.6126293,10.39,4.29,0.2509,736.0,294.7322812,6.42,2.45,0.2323,12.0,0.0,3.83,0.07,0.0115,2806.0,1322.805891,10.27,3.84,0.2275,4063.0,954.3975476,6.76,1.44,0.1297,4330.0,1525.639162,6.11,1.79,0.1782,1,White,1,Black,1,AIAN,1,Asian,1,NHOPI,1,Hispanic,1,Other,1,Multi,1,Poor,1,1,1,1,1,1,1,1,LA,"POLYGON ((10.059999999999995 0.1330000000025432, 10.059999999999999 1.155999999994604, 10.989999999999998 1.713999999990275, 11.919999999999998 1.1559999999946042, 11.919999999999998 0.1330000000025432, 10.99 -0.4249999999931265, 10.059999999999995 0.1330000000025432))"
Maine,ME,ME,23,6631,1635.299073,0.4955,0.11,0.1292,6631,1635.299073,4.67,0.93,0.1216,5858,1644.17291,0.48,0.12,0.1503,118.0,88.30039225,1.95,1.29,0.4038,268.0,272.4946284,1.26,1.18,0.57,10,11.8622595,0.04,0.04,0.7233,56.0,75.5984425,0.42,0.57,0.8304,308,225.4350277,0.49,0.36,0.4505,23,27.57521725,0.27,0.34,0.7539,0.0,.,0.0,0.0,.,Maine,5858.0,1644.17291,4.82,1.09,0.1377,268.0,272.4946284,4.06,3.44,0.5151,118.0,88.30039225,11.67,6.95,0.3621,56.0,73.27177095,1.81,2.39,0.7995,0.0,0.0,0.0,0.0,0.0,23.0,27.57521725,1.78,2.23,0.7601,308.0,225.4350277,3.71,2.66,0.437,10.0,11.8622595,0.42,0.5,0.7263,1,White,1,Black,1,AIAN,1,Asian,0,Not NHOPI,1,Hispanic,1,Other,1,Multi,1,Poor,1,1,1,1,0,1,1,1,ME,"POLYGON ((22.06 11.366999999917452, 22.989999999999995 11.924999999913465, 23.919999999999995 11.366999999917452, 23.919999999999995 10.343999999924865, 22.989999999999995 9.785999999928949, 22.06 10.343999999924865, 22.06 11.366999999917452))"
Maryland,MD,MD,24,55657,4795.175,0.9207,0.08,0.0501,55657,4795.175,7.94,0.59,0.0454,12655,1895.04,0.42,0.06,0.0907,193.0,195.2151439,0.88,0.88,0.6114,24277.0,2992.255,1.37,0.16,0.0721,15388,2625.42,2.09,0.33,0.0971,2754.0,841.757686,0.7,0.21,0.1851,5921,1705.865,1.31,0.37,0.1697,9837,1974.0,2.44,0.46,0.1156,20.0,0,1.15,0.14,0.0736,Maryland,12655.0,1895.04,5.64,0.78,0.0844,24277.0,2984.03,8.48,0.91,0.0649,193.0,193.2017297,5.21,5.05,0.5893,2754.0,826.2626908,6.14,1.75,0.1729,20.0,0.0,14.08,2.28,0.0986,9837.0,1941.1,11.53,2.0,0.1056,5921.0,1694.35,10.57,2.67,0.1533,15388.0,2612.26,11.76,1.76,0.0908,1,White,1,Black,1,AIAN,1,Asian,1,NHOPI,1,Hispanic,1,Other,1,Multi,1,Poor,1,1,1,1,1,1,1,1,MD,"POLYGON ((16.06 3.532999999976204, 16.06 4.55599999996833, 16.990000000000002 5.113999999964052, 17.92 4.555999999968331, 17.919999999999995 3.5329999999762025, 16.990000000000006 2.9749999999805117, 16.06 3.532999999976204))"
Massachusetts,MA,MA,25,45023,4196.395,0.6661,0.06,0.0546,45023,4183.235,5.26,0.44,0.0505,16054,2085.86,0.33,0.04,0.0779,261.0,166.8114389,1.63,1.03,0.3821,7043.0,1677.9,1.5,0.34,0.1392,18103,2880.395,2.06,0.31,0.0907,4391.0,910.7127302,0.93,0.19,0.1254,9201,1964.13,1.45,0.29,0.1216,8027,1661.45,2.16,0.43,0.1203,46.0,36.524922,2.21,1.79,0.4916,Massachusetts,16054.0,2082.57,3.54,0.43,0.0743,7043.0,1669.675,6.89,1.48,0.1306,261.0,163.8984729,7.13,4.15,0.3535,4391.0,905.2738174,6.42,1.21,0.1148,46.0,21.385,7.72,3.92,0.3084,8027.0,1643.888638,8.41,1.51,0.1094,9201.0,1946.035,6.93,1.25,0.11,18103.0,2863.945,7.77,1.08,0.0847,1,White,1,Black,1,AIAN,1,Asian,1,NHOPI,1,Hispanic,1,Other,1,Multi,1,Poor,1,1,1,1,1,1,1,1,MA,"POLYGON ((20.05999999999999 6.932999999950213, 20.06 7.955999999942516, 20.99 8.513999999938356, 21.919999999999995 7.955999999942516, 21.92 6.932999999950213, 20.99 6.374999999954441, 20.05999999999999 6.932999999950213))"
Michigan,MI,MI,26,81125,5713.085,0.8247,0.06,0.0418,81125,5709.795,6.22,0.4,0.0388,36110,3104.115,0.49,0.04,0.0515,951.0,555.8549423,2.1,1.21,0.3488,30367.0,3799.95,2.34,0.28,0.0721,8165,1668.03,1.45,0.29,0.1226,1558.0,466.7692929,0.49,0.15,0.183,8871,1867.075,1.43,0.3,0.1269,3211,1054.422184,1.85,0.6,0.1959,57.0,53.04965435,2.7,2.5,0.5641,Michigan,36110.0,3099.18,4.71,0.37,0.0483,30367.0,3791.725,8.64,0.96,0.0672,951.0,540.5785018,10.85,5.79,0.3243,1558.0,455.4757592,4.29,1.22,0.1734,57.0,0.0,21.27,0.0,0.0,3211.0,1040.611307,9.37,2.74,0.1776,8871.0,1847.335,8.38,1.64,0.1193,8165.0,1649.935,7.77,1.48,0.116,1,White,1,Black,1,AIAN,1,Asian,1,NHOPI,1,Hispanic,1,Other,1,Multi,1,Poor,1,1,1,1,1,1,1,1,MI,"POLYGON ((14.059999999999995 7.966999999942433, 14.989999999999998 8.524999999938268, 15.919999999999998 7.966999999942433, 15.920000000000002 6.943999999950129, 14.989999999999995 6.385999999954356, 14.060000000000002 6.94399999995013, 14.059999999999995 7.966999999942433))"
Minnesota,MN,MN,27,25050,3684.8,0.4493,0.06,0.0878,25050,3684.8,4.76,0.65,0.0837,8629,1788.115,0.2,0.04,0.1253,1452.0,583.3289263,3.02,1.13,0.2269,7142.0,2164.82,1.96,0.58,0.1796,3273,1145.443143,0.94,0.33,0.2101,3291.0,1186.627807,1.15,0.4,0.2134,2702,1095.72338,0.76,0.31,0.2458,1819,899.1788292,1.19,0.58,0.2946,15.0,24.675,0.64,1.04,0.9969,Minnesota,8629.0,1786.47,2.9,0.58,0.1209,7142.0,2141.79,6.88,1.99,0.1754,1452.0,576.0156182,10.38,3.72,0.2181,3291.0,1155.778661,8.99,3.28,0.2222,15.0,24.675,11.54,14.16,0.7462,1819.0,869.1005964,6.6,3.0,0.2761,2702.0,1082.448937,5.78,2.26,0.238,3273.0,1113.843532,5.82,1.87,0.1953,1,White,1,Black,1,AIAN,1,Asian,1,NHOPI,1,Hispanic,1,Other,1,Multi,1,Poor,1,1,1,1,1,1,1,1,MN,"POLYGON ((8.059999999999997 6.932999999950211, 8.059999999999999 7.955999999942516, 8.989999999999998 8.513999999938353, 9.919999999999995 7.955999999942516, 9.92 6.932999999950213, 8.989999999999998 6.374999999954439, 8.059999999999997 6.932999999950211))"
Mississippi,MS,MS,28,50677,4545.135,1.7736,0.14,0.049,50677,4545.135,9.32,0.66,0.0432,14836,2034.865,0.92,0.12,0.0816,370.0,209.4023148,3.09,1.74,0.3426,32508.0,3614.065,3.11,0.31,0.0606,2032,752.474982,1.99,0.72,0.2203,111.0,98.46668965,0.4,0.35,0.5281,1489,529.7708847,1.4,0.49,0.2117,1363,586.7156358,2.92,1.21,0.251,0.0,.,0.0,0.0,.,Mississippi,14836.0,2034.865,7.97,0.99,0.0757,32508.0,3614.065,10.28,0.9,0.053,370.0,209.1889912,12.27,7.24,0.3589,111.0,97.84639305,3.01,2.67,0.539,0.0,0.0,0.0,0.0,0.0,1363.0,580.0291221,11.08,4.07,0.2236,1489.0,522.221223,6.7,2.27,0.206,2032.0,748.5228366,7.94,2.7,0.2066,1,White,1,Black,1,AIAN,1,Asian,0,Not NHOPI,1,Hispanic,1,Other,1,Multi,1,Poor,1,1,1,1,0,1,1,1,MS,"POLYGON ((12.059999999999997 1.1669999999945189, 12.989999999999998 1.724999999990189, 13.920000000000002 1.1669999999945189, 13.920000000000002 0.1440000000024578, 12.990000000000002 -0.413999999993212, 12.059999999999997 0.1440000000024578, 12.059999999999997 1.1669999999945189))"
Missouri,MO,MO,29,41894,3773.63,0.6979,0.06,0.0532,41894,3773.63,5.72,0.47,0.0499,27538,2969.225,0.58,0.06,0.0637,179.0,153.9093584,1.04,0.89,0.5199,8888.0,1916.425,1.35,0.28,0.1243,3659,1056.493272,1.2,0.35,0.1758,779.0,376.814738,0.62,0.3,0.2936,3299,814.841209,0.88,0.21,0.146,1203,717.2937783,1.16,0.69,0.363,8.0,10.4039012,0.09,0.12,0.7966,Missouri,27538.0,2969.225,5.78,0.57,0.0602,8888.0,1878.59,5.64,1.05,0.1137,179.0,56.31573605,5.49,1.82,0.2019,779.0,370.8164758,5.35,2.48,0.2814,8.0,9.87,0.81,1.05,0.7868,1203.0,715.8600621,6.34,3.63,0.3484,3299.0,810.5198763,5.51,1.25,0.1382,3659.0,1050.965562,6.7,1.8,0.1629,1,White,1,Black,1,AIAN,1,Asian,1,NHOPI,1,Hispanic,1,Other,1,Multi,1,Poor,1,1,1,1,1,1,1,1,MO,"POLYGON ((10.059999999999997 4.566999999968247, 10.989999999999998 5.124999999963966, 11.919999999999998 4.566999999968245, 11.92 3.543999999976119, 10.99 2.985999999980427, 10.06 3.543999999976119, 10.059999999999997 4.566999999968247))"
Montana,MT,MT,30,8049,1719.025,0.7482,0.15,0.1255,8049,1719.025,6.32,1.2,0.1151,4139,1452.158624,0.45,0.16,0.2158,3150.0,1369.256743,5.25,2.06,0.2386,0.0,.,0.0,0.0,.,447,318.9094549,0.95,0.71,0.451,0.0,#VALUE!,0.0,0.0,.,451,264.456451,0.69,0.38,0.3374,309,245.6233395,2.39,1.86,0.473,0.0,.,0.0,0.0,.,Montana,4139.0,1452.158624,4.53,1.48,0.1991,0.0,0.0,0.0,0.0,0.0,3150.0,1365.391619,14.7,5.08,0.2101,0.0,0.0,0.0,0.0,0.0,0.0,0.0,0.0,0.0,0.0,309.0,245.6233395,15.37,10.35,0.4091,451.0,264.456451,4.29,2.25,0.3186,447.0,318.9094549,5.29,3.72,0.4275,1,White,0,Not Black,1,AIAN,0,Not Asian,0,Not NHOPI,1,Hispanic,1,Other,1,Multi,1,Poor,1,0,1,0,0,1,1,1,MT,"POLYGON ((4.06 6.932999999950213, 4.06 7.955999999942515, 4.989999999999997 8.513999999938353, 5.92 7.955999999942516, 5.919999999999999 6.932999999950213, 4.99 6.37499999995444, 4.06 6.932999999950213))"
Nebraska,NE,NE,31,10066,2549.75,0.5249,0.12,0.1384,10066,2549.75,5.21,1.08,0.1254,5094,1348.117391,0.33,0.08,0.1479,249.0,175.201383,1.32,0.8,0.3681,1439.0,861.3886719,1.65,0.88,0.326,3254,1797.985,1.37,0.71,0.3175,828.0,696.5490287,1.77,1.39,0.4784,1551,1273.680697,1.02,0.81,0.4818,905,600.5845157,1.12,0.7,0.382,0.0,.,0.0,0.0,.,Nebraska,5094.0,1348.117391,3.93,0.94,0.1452,1439.0,861.2114725,7.02,3.27,0.2837,249.0,174.3963858,9.02,5.37,0.3619,828.0,696.5490287,13.78,9.44,0.4167,0.0,0.0,0.0,0.0,0.0,905.0,593.6446226,7.69,4.39,0.3468,1551.0,1263.735109,6.97,5.2,0.4533,3254.0,1796.34,8.51,4.02,0.287,1,White,1,Black,1,AIAN,1,Asian,0,Not NHOPI,1,Hispanic,1,Other,1,Multi,1,Poor,1,1,1,1,0,1,1,1,NE,"POLYGON ((8.059999999999999 3.532999999976204, 8.06 4.555999999968331, 8.989999999999998 5.11399999996405, 9.919999999999996 4.555999999968331, 9.92 3.532999999976204, 8.989999999999997 2.9749999999805112, 8.059999999999999 3.532999999976204))"
Nevada,NV,NV,32,39201,4301.675,1.2625,0.12,0.0574,39201,4301.675,8.38,0.69,0.0501,12718,2141.79,0.77,0.12,0.0955,1047.0,389.726162,2.57,0.9,0.2126,6762.0,1677.9,2.35,0.54,0.1387,16046,2472.435,1.76,0.24,0.0815,3833.0,1071.566933,1.41,0.38,0.1619,7061,1441.698053,1.51,0.28,0.1127,7391,1631.015362,2.01,0.42,0.1257,389.0,248.1479375,1.9,1.24,0.3968,Nevada,12718.0,2141.79,6.36,0.94,0.0896,6762.0,1677.9,9.41,2.04,0.1316,1047.0,385.9830468,14.13,4.17,0.1794,3833.0,1070.939431,11.57,2.52,0.1324,389.0,230.102123,11.77,6.99,0.3611,7391.0,1624.754821,9.95,1.78,0.109,7061.0,1440.619837,9.09,1.59,0.1061,16046.0,2469.145,9.47,1.09,0.0699,1,White,1,Black,1,AIAN,1,Asian,1,NHOPI,1,Hispanic,1,Other,1,Multi,1,Poor,1,1,1,1,1,1,1,1,NV,"POLYGON ((4.059999999999999 4.566999999968244, 4.989999999999999 5.124999999963967, 5.919999999999999 4.566999999968245, 5.919999999999999 3.5439999999761187, 4.99 2.985999999980427, 4.06 3.543999999976119, 4.059999999999999 4.566999999968244))"
New Hampshire,NH,NH,33,6143,1033.058684,0.4561,0.07,0.0941,6143,1033.058684,5.53,0.94,0.1032,5240,927.114762,0.44,0.07,0.1028,0.0,.,0.0,0.0,.,22.0,34.584151,0.12,0.18,0.9667,775,540.5696352,1.29,0.9,0.4236,178.0,134.9902628,0.51,0.38,0.4456,383,213.2227122,0.51,0.27,0.3213,313,375.416965,1.82,2.0,0.6698,7.0,11.515,1.14,1.92,1.0207,New Hampshire,5240.0,927.114762,5.55,0.97,0.1063,22.0,34.584151,0.71,1.14,0.9771,0.0,0.0,0.0,0.0,0.0,178.0,134.9902628,6.48,4.5,0.4224,7.0,0.0,23.33,0.0,0.0,313.0,375.3232494,14.46,16.58,0.6973,383.0,213.2227122,4.61,2.26,0.2986,775.0,540.5696352,7.78,4.86,0.3802,1,White,1,Black,0,Not AIAN,1,Asian,1,NHOPI,1,Hispanic,1,Other,1,Multi,1,Poor,1,1,0,1,1,1,1,1,NH,"POLYGON ((21.06 8.632999999937468, 21.06 9.6559999999299, 21.99 10.213999999925818, 22.919999999999995 9.6559999999299, 22.919999999999995 8.632999999937468, 21.99 8.074999999941628, 21.06 8.632999999937468))"
New Jersey,NJ,NJ,34,79889,5162.01,0.8785,0.05,0.0377,79889,5153.785,6.95,0.39,0.0339,21572,2722.475,0.42,0.05,0.0751,975.0,458.2025112,2.5,1.15,0.2798,20603.0,2567.845,1.79,0.21,0.072,36129,3436.405,1.8,0.16,0.0548,4444.0,864.4188277,0.49,0.09,0.1169,12149,1942.745,1.25,0.19,0.093,20141,2630.355,2.4,0.3,0.0752,5.0,8.225,0.22,0.37,1.0104,New Jersey,21572.0,2719.185,4.54,0.52,0.0696,20603.0,2559.62,8.76,1.0,0.0692,975.0,420.6868386,9.62,3.69,0.2333,4444.0,834.6210509,6.1,1.07,0.1063,5.0,0.0,1.93,0.0,0.0,20141.0,2600.745,10.26,1.16,0.0685,12149.0,1924.65,7.62,1.05,0.0841,36129.0,3413.375,8.53,0.7,0.0498,1,White,1,Black,1,AIAN,1,Asian,1,NHOPI,1,Hispanic,1,Other,1,Multi,1,Poor,1,1,1,1,1,1,1,1,NJ,"POLYGON ((19.06 5.23299999996314, 19.06 6.255999999955341, 19.98999999999999 6.813999999951115, 20.92 6.255999999955343, 20.919999999999995 5.23299999996314, 19.99 4.674999999967418, 19.06 5.23299999996314))"
New Mexico,NM,NM,35,36346,4918.55,1.7543,0.2,0.07,36346,4918.55,9.82,0.97,0.0598,9378,1949.325,0.85,0.15,0.1066,10780.0,1950.97,5.49,0.82,0.0907,1079.0,515.1608501,2.57,1.14,0.2705,19870,3571.295,1.99,0.32,0.0985,532.0,458.7810413,1.56,1.33,0.5207,8718,2599.1,1.99,0.56,0.172,5828,1697.64,2.25,0.62,0.1669,31.0,50.995,1.54,2.48,0.9809,New Mexico,9378.0,1949.325,6.14,0.96,0.0952,1079.0,498.9188603,11.87,4.98,0.2551,10780.0,1944.39,19.09,2.69,0.0855,532.0,458.7810413,12.35,9.56,0.4707,31.0,0.0,5.34,0.0,0.0,5828.0,1697.64,9.58,2.32,0.1469,8718.0,2599.1,10.13,2.53,0.152,19870.0,3571.295,9.53,1.37,0.0871,1,White,1,Black,1,AIAN,1,Asian,1,NHOPI,1,Hispanic,1,Other,1,Multi,1,Poor,1,1,1,1,1,1,1,1,NM,"POLYGON ((6.059999999999999 0.1330000000025432, 6.059999999999999 1.1559999999946042, 6.989999999999998 1.713999999990275, 7.92 1.155999999994604, 7.919999999999996 0.1330000000025431, 6.990000000000001 -0.4249999999931264, 6.059999999999999 0.1330000000025432))"
New York,NY,NY,36,270297,10330.6,1.4024,0.05,0.0223,270297,10286.185,8.39,0.28,0.0201,64785,4559.94,0.59,0.04,0.0423,2833.0,830.70248,2.8,0.8,0.1739,64494.0,4875.78,2.33,0.17,0.0442,112507,7198.52,2.96,0.18,0.0369,38523.0,3444.63,2.25,0.19,0.0519,30001,3072.86,1.7,0.17,0.0607,69013,5393.955,3.64,0.27,0.0453,635.0,362.6680999,7.67,4.27,0.338,New York,64785.0,4543.49,5.08,0.33,0.0399,64494.0,4841.235,9.81,0.65,0.0401,2833.0,811.6972686,11.19,2.87,0.1558,38523.0,3410.085,10.49,0.81,0.0468,635.0,193.0452573,30.41,9.98,0.1995,69013.0,5308.415,12.79,0.84,0.0398,30001.0,3023.51,8.54,0.78,0.0559,112507.0,7122.85,11.59,0.63,0.033,1,White,1,Black,1,AIAN,1,Asian,1,NHOPI,1,Hispanic,1,Other,1,Multi,1,Poor,1,1,1,1,1,1,1,1,NY,"POLYGON ((18.06 6.932999999950213, 18.06 7.955999999942516, 18.99 8.513999999938349, 19.919999999999998 7.955999999942516, 19.91999999999999 6.932999999950213, 18.99 6.374999999954439, 18.06 6.932999999950213))"
North Carolina,NC,NC,37,98557,5867.715,0.9564,0.05,0.0349,98557,5864.425,6.87,0.37,0.0324,37430,3342.64,0.57,0.05,0.0531,2410.0,527.8029054,2.23,0.47,0.1288,38116.0,3582.81,1.82,0.16,0.0551,19318,2428.02,1.7,0.21,0.0747,1528.0,497.0380825,0.47,0.15,0.1973,9022,1694.35,1.22,0.23,0.1127,10004,1714.09,2.01,0.33,0.1005,47.0,18.095,0.87,0.35,0.2461,North Carolina,37430.0,3340.995,5.75,0.47,0.0495,38116.0,3574.585,8.27,0.71,0.0522,2410.0,519.8717846,9.3,1.87,0.1221,1528.0,459.2208156,4.78,1.41,0.1799,47.0,0.0,8.26,0.14,0.0105,10004.0,1686.125,7.76,1.19,0.0933,9022.0,1682.835,6.62,1.17,0.1077,19318.0,2395.12,7.09,0.82,0.0704,1,White,1,Black,1,AIAN,1,Asian,1,NHOPI,1,Hispanic,1,Other,1,Multi,1,Poor,1,1,1,1,1,1,1,1,NC,"POLYGON ((17.060000000000006 1.8329999999893527, 17.060000000000006 2.8559999999814307, 17.989999999999995 3.4139999999771216, 18.920000000000005 2.8559999999814307, 18.92 1.8329999999893525, 17.99 1.2749999999936814, 17.060000000000006 1.8329999999893527))"
North Dakota,ND,ND,38,3260,1541.032282,0.4336,0.14,0.1912,3260,1541.032282,4.49,1.44,0.1952,1128,712.095019,0.18,0.09,0.3172,1605.0,959.0730982,4.78,2.21,0.2816,139.0,170.6761854,0.61,0.63,0.6228,225,210.8617917,0.67,0.58,0.5292,72.0,118.44,0.64,1.04,0.9902,172,199.3234985,0.4,0.44,0.6737,144,140.4910934,1.41,1.4,0.6014,0.0,.,0.0,0.0,.,North Dakota,1128.0,712.095019,2.37,1.17,0.2996,139.0,170.6761854,2.85,2.91,0.6212,1605.0,959.0730982,15.88,6.74,0.2579,72.0,118.44,3.64,9.56,1.596,0.0,0.0,0.0,0.0,0.0,144.0,140.4910934,8.46,7.45,0.5354,172.0,199.3234985,2.7,3.29,0.7416,225.0,210.8617917,4.03,3.43,0.5177,1,White,1,Black,1,AIAN,1,Asian,0,Not NHOPI,1,Hispanic,1,Other,1,Multi,1,Poor,1,1,1,1,0,1,1,1,ND,"POLYGON ((6.059999999999999 6.932999999950213, 6.06 7.955999999942516, 6.989999999999998 8.513999999938353, 7.919999999999999 7.955999999942516, 7.919999999999996 6.932999999950211, 6.989999999999998 6.37499999995444, 6.059999999999999 6.932999999950213))"
Ohio,OH,OH,39,80864,4908.68,0.7039,0.04,0.036,80864,4905.39,5.46,0.3,0.0338,43013,3196.235,0.48,0.04,0.0447,379.0,263.0457319,2.25,1.53,0.4137,24689.0,3188.01,1.78,0.22,0.0755,7062,1204.609499,1.34,0.22,0.1012,1525.0,518.4768904,0.55,0.18,0.2049,8271,1437.614159,1.25,0.21,0.104,2962,713.3576552,1.63,0.39,0.1441,25.0,25.6430167,0.54,0.57,0.6466,Ohio,43013.0,3192.945,4.87,0.34,0.0425,24689.0,3179.785,6.36,0.75,0.0716,379.0,248.2751289,9.01,5.62,0.3791,1525.0,505.4009993,4.41,1.41,0.1938,25.0,8.225,1.69,0.71,0.2541,2962.0,695.0496935,6.95,1.57,0.1372,8271.0,1419.670466,6.55,1.07,0.099,7062.0,1172.668189,6.27,1.01,0.0978,1,White,1,Black,1,AIAN,1,Asian,1,NHOPI,1,Hispanic,1,Other,1,Multi,1,Poor,1,1,1,1,1,1,1,1,OH,"POLYGON ((15.059999999999995 5.23299999996314, 15.059999999999995 6.255999999955341, 15.990000000000002 6.813999999951113, 16.920000000000005 6.255999999955344, 16.92 5.23299999996314, 15.989999999999998 4.674999999967418, 15.059999999999995 5.23299999996314))"
Oklahoma,OK,OK,40,35778,2903.425,0.9226,0.07,0.048,35778,2903.425,6.09,0.45,0.0451,17243,1880.235,0.66,0.07,0.065,5549.0,962.2975779,1.92,0.31,0.0998,4598.0,1040.987732,1.73,0.39,0.1354,5256,1151.249105,1.09,0.24,0.135,432.0,231.9216575,0.49,0.26,0.3202,5777,1137.753278,1.16,0.23,0.1179,1976,634.469591,1.43,0.46,0.194,203.0,205.5591836,3.34,3.48,0.6333,Oklahoma,17243.0,1880.235,5.31,0.54,0.0621,4598.0,1038.995094,6.25,1.32,0.1287,5549.0,959.7724206,10.4,1.54,0.0902,432.0,230.1526903,3.3,1.65,0.3047,203.0,178.4881917,17.65,12.66,0.436,1976.0,625.786146,6.71,2.05,0.1861,5777.0,1136.651852,6.32,1.16,0.1117,5256.0,1148.250615,5.05,1.06,0.1278,1,White,1,Black,1,AIAN,1,Asian,1,NHOPI,1,Hispanic,1,Other,1,Multi,1,Poor,1,1,1,1,1,1,1,1,OK,"POLYGON ((8.059999999999997 0.1330000000025431, 8.06 1.155999999994604, 8.989999999999998 1.713999999990275, 9.919999999999998 1.155999999994604, 9.919999999999995 0.1330000000025432, 8.989999999999998 -0.4249999999931264, 8.059999999999997 0.1330000000025431))"
Oregon,OR,OR,41,31827,3722.635,0.7684,0.09,0.0672,31827,3722.635,5.98,0.62,0.0632,20822,3128.79,0.66,0.09,0.0877,764.0,348.8063758,1.71,0.78,0.2779,912.0,418.8616124,1.18,0.53,0.2699,7376,1554.325281,1.24,0.25,0.1241,1147.0,440.9599009,0.62,0.24,0.2339,4322,1227.601385,0.97,0.27,0.1685,3382,945.7585669,1.69,0.46,0.1662,455.0,315.7243072,3.26,2.18,0.4067,Oregon,20822.0,3128.79,5.64,0.77,0.083,912.0,418.1306731,4.13,1.67,0.2463,764.0,348.3606959,9.8,4.42,0.2744,1147.0,438.2507833,4.56,1.64,0.2187,455.0,205.5295736,12.77,6.44,0.3067,3382.0,922.5305583,9.14,2.29,0.1522,4322.0,1220.996743,6.41,1.67,0.1588,7376.0,1545.297882,6.85,1.33,0.1179,1,White,1,Black,1,AIAN,1,Asian,1,NHOPI,1,Hispanic,1,Other,1,Multi,1,Poor,1,1,1,1,1,1,1,1,OR,"POLYGON ((2.0599999999999996 4.566999999968244, 2.9899999999999993 5.124999999963967, 3.919999999999998 4.566999999968244, 3.92 3.543999999976119, 2.99 2.985999999980427, 2.0600000000000005 3.54399999997612, 2.0599999999999996 4.566999999968244))"
Pennsylvania,PA,PA,42,99031,7063.63,0.7882,0.06,0.0425,99031,7048.825,6.38,0.42,0.0395,39905,3403.505,0.42,0.04,0.0511,573.0,381.8759753,2.65,1.74,0.3993,30331.0,4267.13,2.32,0.32,0.0825,24085,3859.17,2.28,0.36,0.095,4518.0,1304.523559,0.97,0.28,0.1745,10812,2312.87,1.38,0.29,0.1282,12715,2952.775,2.88,0.66,0.1387,177.0,107.9450974,4.47,2.82,0.3831,Pennsylvania,39905.0,3395.28,4.64,0.37,0.0482,30331.0,4235.875,8.87,1.1,0.0757,573.0,277.9052143,10.84,4.43,0.2486,4518.0,1292.540112,6.7,1.77,0.1609,177.0,0.0,17.97,0.21,0.0071,12715.0,2905.07,9.59,2.06,0.1305,10812.0,2281.615,7.52,1.48,0.1196,24085.0,3813.11,8.69,1.27,0.0891,1,White,1,Black,1,AIAN,1,Asian,1,NHOPI,1,Hispanic,1,Other,1,Multi,1,Poor,1,1,1,1,1,1,1,1,PA,"POLYGON ((17.060000000000002 5.23299999996314, 17.060000000000006 6.255999999955344, 17.99 6.813999999951115, 18.919999999999998 6.255999999955341, 18.92 5.23299999996314, 17.99 4.674999999967419, 17.060000000000002 5.23299999996314))"
Rhode Island,RI,RI,44,4720,920.9723156,0.4493,0.08,0.1046,4720,920.9723156,3.98,0.69,0.106,2322,603.3720011,0.31,0.08,0.1506,16.0,15.43146535,0.36,0.39,0.6666,470.0,434.3547653,0.77,0.69,0.5379,1890,500.1855103,1.03,0.28,0.168,388.0,277.6494991,1.12,0.78,0.4241,567,330.3830009,0.51,0.28,0.3348,887,369.4297901,1.15,0.55,0.2909,70.0,115.15,23.57,32.09,0.8278,Rhode Island,2322.0,603.3720011,3.57,0.75,0.1282,470.0,434.3547653,4.56,4.22,0.5624,16.0,13.9582856,1.76,1.88,0.6491,388.0,276.6927177,12.14,6.42,0.3216,70.0,0.0,40.23,0.0,0.0,887.0,369.4297901,4.71,2.07,0.2674,567.0,330.3830009,2.8,1.68,0.3659,1890.0,500.1855103,4.68,1.35,0.176,1,White,1,Black,1,AIAN,1,Asian,1,NHOPI,1,Hispanic,1,Other,1,Multi,1,Poor,1,1,1,1,1,1,1,1,RI,"POLYGON ((22.059999999999995 7.966999999942433, 22.989999999999995 8.524999999938272, 23.919999999999995 7.9669999999424315, 23.919999999999995 6.943999999950132, 22.989999999999995 6.385999999954356, 22.06 6.94399999995013, 22.059999999999995 7.966999999942433))"
South Carolina,SC,SC,45,57848,4795.175,1.1399,0.09,0.0481,57848,4795.175,7.76,0.57,0.0443,19625,2140.145,0.6,0.06,0.0652,404.0,268.9474491,2.36,1.48,0.3811,30387.0,3704.54,2.39,0.28,0.0701,5861,1338.922055,1.63,0.37,0.1378,617.0,280.9221937,0.7,0.32,0.2764,4252,1070.620104,1.44,0.36,0.1529,2514,809.8263936,1.75,0.55,0.1928,49.0,54.1852143,1.23,1.41,0.6985,South Carolina,19625.0,2140.145,6.07,0.61,0.0612,30387.0,3702.895,9.52,0.98,0.0624,404.0,268.0592971,10.12,4.72,0.2836,617.0,276.7166031,7.11,3.08,0.2633,49.0,53.9600138,4.79,6.09,0.7731,2514.0,791.8761536,6.77,2.0,0.1799,4252.0,1061.709633,8.17,2.0,0.1492,5861.0,1322.925088,7.36,1.57,0.1298,1,White,1,Black,1,AIAN,1,Asian,1,NHOPI,1,Hispanic,1,Other,1,Multi,1,Poor,1,1,1,1,1,1,1,1,SC,"POLYGON ((16.06 0.1330000000025432, 16.06 1.155999999994604, 16.990000000000006 1.7139999999902753, 17.919999999999998 1.155999999994604, 17.919999999999995 0.1330000000025432, 16.99 -0.4249999999931265, 16.06 0.1330000000025432))"
South Dakota,SD,SD,46,8965,4074.665,1.034,0.43,0.2524,8965,4074.665,9.24,2.87,0.1887,1630,729.3400146,0.23,0.1,0.2586,6544.0,3875.62,9.81,3.05,0.1893,190.0,217.3144029,0.96,0.9,0.5671,267,154.2182072,0.67,0.36,0.3283,403.0,295.0792611,3.21,1.97,0.3735,162,137.7288423,0.36,0.29,0.4982,36,31.2982635,0.28,0.22,0.474,0.0,.,0.0,0.0,.,South Dakota,1630.0,729.3400146,3.12,1.23,0.2396,190.0,217.3144029,4.27,3.69,0.5249,6544.0,3875.62,22.91,4.05,0.1075,403.0,295.0609193,19.22,10.81,0.342,0.0,0.0,0.0,0.0,0.0,36.0,25.53725965,1.96,1.3,0.4047,162.0,137.7288423,2.07,1.59,0.4669,267.0,146.1922851,4.09,2.26,0.3361,1,White,1,Black,1,AIAN,1,Asian,0,Not NHOPI,1,Hispanic,1,Other,1,Multi,1,Poor,1,1,1,1,0,1,1,1,SD,"POLYGON ((7.059999999999999 6.2669999999552575, 7.989999999999997 6.82499999995103, 8.919999999999998 6.266999999955257, 8.919999999999998 5.243999999963055, 7.99 4.685999999967335, 7.060000000000001 5.243999999963059, 7.059999999999999 6.2669999999552575))"
Tennessee,TN,TN,47,72471,5484.43,1.0599,0.08,0.0441,72471,5428.5,7.37,0.49,0.0407,39155,3164.98,0.78,0.06,0.0472,198.0,172.6544789,1.17,1.03,0.5388,20896.0,3385.41,1.96,0.31,0.095,9944,2413.215,2.03,0.48,0.1433,909.0,433.6807265,0.72,0.34,0.2883,6850,1498.89337,1.65,0.35,0.1289,4382,1858.85,2.5,1.03,0.25,81.0,73.82366845,1.85,1.68,0.5509,Tennessee,39155.0,3117.275,6.79,0.48,0.0428,20896.0,3373.895,8.32,1.21,0.0882,198.0,171.8926629,3.42,3.29,0.5847,909.0,412.4587296,7.28,3.0,0.2511,81.0,6.78251595,11.54,2.06,0.1083,4382.0,1848.98,8.82,3.5,0.2414,6850.0,1485.770876,7.9,1.53,0.118,9944.0,2401.7,7.93,1.8,0.1382,1,White,1,Black,1,AIAN,1,Asian,1,NHOPI,1,Hispanic,1,Other,1,Multi,1,Poor,1,1,1,1,1,1,1,1,TN,"POLYGON ((13.059999999999997 2.8669999999813456, 13.989999999999998 3.4249999999770364, 14.919999999999998 2.866999999981345, 14.919999999999998 1.8439999999892671, 13.990000000000002 1.2859999999935963, 13.059999999999997 1.8439999999892667, 13.059999999999997 2.8669999999813456))"
Texas,TX,TX,48,385673,12580.96,1.3283,0.04,0.0193,385673,12520.095,8.35,0.24,0.0176,137372,7453.495,0.88,0.05,0.0322,3256.0,971.6506037,1.73,0.51,0.1783,64745.0,5273.87,1.86,0.15,0.0483,243840,9940.735,2.12,0.08,0.024,12874.0,2686.285,0.83,0.17,0.1253,106892,6474.72,1.89,0.11,0.0357,60081,4240.81,2.39,0.16,0.0414,453.0,183.8699902,1.68,0.69,0.2519,Texas,137372.0,7405.79,7.2,0.35,0.0294,64745.0,5224.52,8.29,0.61,0.0447,3256.0,939.7544321,9.5,2.52,0.1611,12874.0,2661.61,6.91,1.31,0.1156,453.0,141.3966495,11.65,3.45,0.1801,60081.0,4142.11,10.27,0.64,0.0377,106892.0,6359.57,9.52,0.51,0.0325,243840.0,9842.035,9.7,0.35,0.0219,1,White,1,Black,1,AIAN,1,Asian,1,NHOPI,1,Hispanic,1,Other,1,Multi,1,Poor,1,1,1,1,1,1,1,1,TX,"POLYGON ((7.06 -1.566999999984273, 7.060000000000001 -0.5439999999922034, 7.989999999999997 0.0140000000034661, 8.919999999999998 -0.5439999999922034, 8.920000000000002 -1.5669999999842739, 7.989999999999998 -2.124999999979957, 7.06 -1.566999999984273))"
Utah,UT,UT,49,19798,2301.355,0.6041,0.07,0.0716,19798,2301.355,6.24,0.67,0.0655,11047,1727.25,0.42,0.07,0.0957,944.0,441.5275246,2.86,1.27,0.2702,308.0,226.1660657,0.84,0.63,0.4521,6994,1809.5,1.38,0.36,0.1579,1488.0,774.3355844,1.95,0.98,0.3036,1990,687.752309,0.73,0.25,0.2054,3632,1230.846262,1.93,0.65,0.2036,363.0,254.9293677,1.31,0.9,0.4156,Utah,11047.0,1727.25,5.12,0.74,0.0879,308.0,222.4666087,3.36,2.72,0.4909,944.0,421.5940561,13.19,5.5,0.2536,1488.0,773.4540947,14.41,6.06,0.2556,363.0,183.8430122,6.61,2.84,0.2614,3632.0,1218.771272,10.74,3.2,0.1812,1990.0,682.4872233,5.58,1.78,0.1935,6994.0,1801.275,8.59,2.0,0.1416,1,White,1,Black,1,AIAN,1,Asian,1,NHOPI,1,Hispanic,1,Other,1,Multi,1,Poor,1,1,1,1,1,1,1,1,UT,"POLYGON ((7.059999999999999 2.8669999999813456, 7.989999999999998 3.4249999999770377, 8.919999999999996 2.866999999981345, 8.919999999999998 1.8439999999892671, 7.99 1.2859999999935963, 7.059999999999999 1.8439999999892671, 7.059999999999999 2.8669999999813456))"
Vermont,VT,VT,50,2311,1139.897173,0.3725,0.17,0.2712,2311,1139.897173,3.54,1.49,0.2553,2023,1036.171123,0.36,0.18,0.3083,13.0,21.385,1.13,1.25,0.6728,0.0,.,0.0,0.0,.,67,79.8630063,0.46,0.48,0.6375,147.0,241.815,1.41,2.23,0.9628,93,63.3057852,0.3,0.22,0.4386,35,45.25992135,0.81,1.11,0.8349,0.0,.,0.0,0.0,.,Vermont,2023.0,1036.171123,3.59,1.69,0.2859,0.0,0.0,0.0,0.0,0.0,13.0,0.0,4.69,2.75,0.3562,147.0,241.815,8.89,11.94,0.8167,0.0,0.0,0.0,0.0,0.0,35.0,42.77,4.86,6.38,0.798,93.0,63.3057852,1.92,1.87,0.5933,67.0,79.8630063,4.91,4.06,0.5029,1,White,0,Not Black,1,AIAN,1,Asian,0,Not NHOPI,1,Hispanic,1,Other,1,Multi,1,Poor,1,0,1,1,0,1,1,1,VT,"POLYGON ((19.06 8.63299999993746, 19.060000000000002 9.6559999999299, 19.989999999999995 10.213999999925814, 20.92 9.6559999999299, 20.92 8.632999999937468, 19.99 8.074999999941628, 19.06 8.63299999993746))"
Virginia,VA,VA,51,63954,4434.92,0.7594,0.05,0.0411,63954,4433.275,6.6,0.41,0.0382,23087,2553.04,0.44,0.05,0.0665,519.0,365.425564,2.12,1.46,0.4166,21875.0,2490.53,1.41,0.16,0.0674,14835,2492.175,1.63,0.27,0.0991,3640.0,829.5460285,0.63,0.14,0.1378,6134,1322.078637,0.87,0.18,0.1283,8681,2085.86,2.52,0.59,0.1416,18.0,29.61,0.34,0.56,1.0035,Virginia,23087.0,2551.395,5.27,0.55,0.0632,21875.0,2483.95,7.23,0.74,0.0622,519.0,333.9066402,12.21,6.71,0.3343,3640.0,821.7646521,6.27,1.29,0.1249,18.0,29.61,4.0,6.38,0.9691,8681.0,2043.09,11.48,2.3,0.1218,6134.0,1306.463458,6.86,1.35,0.1194,14835.0,2457.63,9.35,1.39,0.0905,1,White,1,Black,1,AIAN,1,Asian,1,NHOPI,1,Hispanic,1,Other,1,Multi,1,Poor,1,1,1,1,1,1,1,1,VA,"POLYGON ((15.059999999999997 2.866999999981345, 15.99 3.4249999999770377, 16.920000000000005 2.8669999999813456, 16.920000000000005 1.8439999999892678, 15.99 1.2859999999935963, 15.059999999999997 1.8439999999892671, 15.059999999999997 2.866999999981345))"
Washington,WA,WA,53,50363,4049.99,0.6637,0.05,0.0483,50363,4049.99,5.93,0.44,0.0452,25534,2934.68,0.5,0.06,0.0695,2479.0,657.5211405,2.82,0.72,0.1555,3033.0,796.4225553,1.03,0.27,0.1582,13316,2225.685,1.25,0.2,0.0996,4188.0,939.9770993,0.59,0.13,0.1345,7074,1299.049509,0.81,0.15,0.1098,6612,1447.293109,1.58,0.34,0.13,1157.0,585.5847312,2.46,1.21,0.2988,Washington,25534.0,2934.68,5.29,0.57,0.0658,3033.0,789.0339062,4.81,1.2,0.1513,2479.0,653.346147,14.31,3.06,0.1298,4188.0,938.0423819,5.87,1.2,0.1242,1157.0,450.6907668,14.77,5.15,0.212,6612.0,1424.912028,7.89,1.57,0.1213,7074.0,1275.626255,5.81,0.97,0.1016,13316.0,2217.46,6.96,1.06,0.0929,1,White,1,Black,1,AIAN,1,Asian,1,NHOPI,1,Hispanic,1,Other,1,Multi,1,Poor,1,1,1,1,1,1,1,1,WA,"POLYGON ((2.0599999999999996 7.966999999942433, 2.99 8.524999999938272, 3.9199999999999995 7.9669999999424315, 3.92 6.94399999995013, 2.9899999999999993 6.3859999999543575, 2.06 6.943999999950131, 2.0599999999999996 7.966999999942433))"
West Virginia,WV,WV,54,19450,3186.365,1.1226,0.14,0.0744,19450,3186.365,7.03,0.77,0.0663,17047,3049.83,1.08,0.15,0.084,0.0,.,0.0,0.0,.,1106.0,534.3693341,2.26,1.13,0.3041,288,291.0209145,0.85,0.87,0.6215,106.0,107.4425499,0.78,0.79,0.6177,1077,403.8265592,1.46,0.55,0.2265,96,112.0533698,0.85,1.01,0.7249,18.0,0,4.71,0.45,0.0581,West Virginia,17047.0,3049.83,7.06,0.89,0.0762,1106.0,532.6922237,7.75,3.52,0.2762,0.0,0.0,0.0,0.0,0.0,106.0,107.4299657,6.44,6.39,0.6033,18.0,0.0,100.0,0.0,0.0,96.0,112.0533698,6.05,6.72,0.6745,1077.0,398.2304501,6.14,2.11,0.2093,288.0,291.0209145,5.18,4.92,0.5771,1,White,1,Black,0,Not AIAN,1,Asian,1,NHOPI,1,Hispanic,1,Other,1,Multi,1,Poor,1,1,0,1,1,1,1,1,WV,"POLYGON ((14.059999999999997 3.5329999999762025, 14.060000000000002 4.55599999996833, 14.989999999999995 5.113999999964052, 15.919999999999998 4.55599999996833, 15.92 3.532999999976204, 14.989999999999998 2.9749999999805112, 14.059999999999997 3.5329999999762025))"
Wisconsin,WI,WI,55,23751,2918.23,0.413,0.05,0.0739,23751,2918.23,4.07,0.47,0.0698,12631,1975.645,0.27,0.04,0.0944,827.0,327.7540277,1.99,0.77,0.2346,5798.0,1714.09,1.7,0.49,0.1758,3148,1028.973063,0.7,0.23,0.1962,1264.0,725.2619773,0.76,0.43,0.3461,2300,719.8053149,0.6,0.18,0.1878,911,621.5481818,0.69,0.47,0.4124,20.0,32.9,0.7,1.18,1.0148,Wisconsin,12631.0,1975.645,3.35,0.51,0.0918,5798.0,1712.445,6.22,1.64,0.1606,827.0,315.9430757,10.01,3.42,0.2075,1264.0,717.3692344,6.24,3.36,0.3278,20.0,0.0,6.62,2.17,0.1988,911.0,618.5052279,3.61,2.36,0.3975,2300.0,701.9550909,3.92,1.21,0.1872,3148.0,1020.928602,3.97,1.24,0.1894,1,White,1,Black,1,AIAN,1,Asian,1,NHOPI,1,Hispanic,1,Other,1,Multi,1,Poor,1,1,1,1,1,1,1,1,WI,"POLYGON ((10.059999999999995 7.966999999942433, 10.990000000000002 8.524999999938272, 11.919999999999995 7.966999999942433, 11.919999999999998 6.94399999995013, 10.99 6.3859999999543575, 10.06 6.94399999995013, 10.059999999999995 7.966999999942433))"
Wyoming,WY,WY,56,2378,1466.674104,0.42,0.14,0.2003,2378,1466.674104,4.07,1.04,0.155,992,598.2781599,0.2,0.07,0.2068,483.0,409.0496809,4.09,1.61,0.2387,35.0,57.575,0.75,1.15,0.9357,950,857.3196492,1.6,1.03,0.3915,55.0,90.475,1.23,1.7,0.8453,265,291.2764981,0.67,0.56,0.509,548,671.8752789,3.06,3.29,0.6535,0.0,.,0.0,0.0,.,Wyoming,992.0,598.2781599,2.14,0.64,0.1817,35.0,57.575,3.06,4.51,0.8957,483.0,409.0496809,14.61,5.59,0.2327,55.0,0.0,7.78,0.11,0.0085,0.0,0.0,0.0,0.0,0.0,548.0,671.8752789,19.54,18.01,0.5601,265.0,291.2764981,6.71,5.49,0.4977,950.0,857.3196492,12.4,8.39,0.411,1,White,1,Black,1,AIAN,1,Asian,0,Not NHOPI,1,Hispanic,1,Other,1,Multi,1,Poor,1,1,1,1,0,1,1,1,WY,"POLYGON ((5.06 5.23299999996314, 5.06 6.255999999955342, 5.989999999999998 6.813999999951115, 6.919999999999999 6.255999999955342, 6.920000000000001 5.232999999963142, 5.989999999999998 4.674999999967418, 5.06 5.23299999996314))"
